peptide,cdr3,bind
GILGFVFTL,ASSIRSSYEQY,1
GILGFVFTL,ASSILSNQPQH,1
NLVPMVATV,ASSPQTGVGNYGYT,1
GILGFVFTL,ASSGLEGAGDTQY,1
SLLMWITQV,ATSDYTSDTQY,1
GILGFVFTL,ASSIRSSYEQF,1
GILGFVFTL,ASSMRSSDTQY,1
GILGFVFTL,ASSSRASYEQY,1
GILGFVFTL,ASSIRASYEQY,1
FLYALALLL,ASSYQGGNYGYT,1
GILGFVFTL,ASSLGMRGGWDEQF,1
NLVPMVATV,AWSSRGQMTDTQY,1
GILGFVFTL,ASSIRSTYEQY,1
GILGFVFTL,ASSSRSGNEKLF,1
GILGFVFTL,ASSTRSSETQY,1
GILGFVFTL,ATDARVGNTGELF,1
GILGFVFTL,ASSTRSGWEQY,1
GLCTLVAML,SARDRVGNGYT,1
NLVPMVATV,ASSPVTGTGTYGYT,1
GILGFVFTL,ASSIRSTGELF,1
GLCTLVAML,SARDRVGNTIY,1
GILGFVFTL,ASSFSGGTGELF,1
GILGFVFTL,ASSDAGGGMAEAF,1
GILGFVFTL,ASSIRAAYEQY,1
GILGFVFTL,ASSPRGGMTQH,1
GILGFVFTL,SASGGRQRTEAF,1
GILGFVFTL,SVVVGDLYNEQF,1
GLCTLVAML,ASSVGGEAYEQY,1
GILGFVFTL,ASSIRSTDTQY,1
GILGFVFTL,ASSIRSGYEQY,1
GILGFVFTL,ASSPRAGWETQY,1
GILGFVFTL,AISGAARDTQY,1
NLVPMVATV,ASSPVTGGIYGYTG,1
GILGFVFTL,ASSRRSTDTQY,1
GILGFVFTL,ASSTRSTDTQY,1
GILGFVFTL,ASSMRAGVEQF,1
GILGFVFTL,ASSGRSGVEQY,1
GILGFVFTL,SARDYLNSYEQY,1
GILGFVFTL,ASSLIFPSGEQY,1
GILGFVFTL,ASSGRAAYEQY,1
GILGFVFTL,ASSIFGGAREQF,1
GILGFVFTL,ASSGRSQETQY,1
GILGFVFTL,ASSVRSSYEQY,1
GLCTLVAML,ASSEESYLMNTEAF,1
GILGFVFTL,ASSIYSRGDEQF,1
GILGFVFTL,ASSIRSAYEQY,1
GILGFVFTL,ASSIYSNQPQH,1
GILGFVFTL,ASSHRSGQPQH,1
GLCTLVAML,SVGAGGTNEKLF,1
NLVPMVATV,AVNGGSNYGYT,1
LLFGYPVYV,ASRPGLASGRPEQY,1
GILGFVFTL,ASSIFSGKPQH,1
GILGFVFTL,ASMELAGLNEQF,1
NLVPMVATV,ATSDRTSATEAF,1
GILGFVFTL,ASSYSTSGNTIY,1
GILGFVFTL,ASSPHGGQPRTGQH,1
NLVPMVATV,ASSLFVGGPGNEQF,1
GILGFVFTL,ASSKRSGAEAF,1
GILGFVFTL,ASSIRASNEQF,1
GLCTLVAML,ASSPTSGSVYEQF,1
GILGFVFTL,ASSVRSGETQY,1
GILGFVFTL,ASSVRSTGELF,1
GILGFVFTL,ASSSPKGAKYEQY,1
RTLNAWVKV,AWGSVRMISYNEQF,1
GILGFVFTL,ASSPFGANVLT,1
GILGFVFTL,ASSRGQLYEQY,1
GILGFVFTL,ASSARSSYEQY,1
GILGFVFTL,ASSRGGLSYNEQF,1
GILGFVFTL,SAEWDRAYNEQF,1
GILGFVFTL,ASSARSADTQY,1
GILGFVFTL,AGSVTGALGTEAF,1
LLFGYPVYV,ASSERDRGYEQY,1
NLVPMVATV,ASSFAHLSYNEQF,1
GILGFVFTL,ASSIFYSSTDTQY,1
GILGFVFTL,ASSIRSGHEQY,1
GLCTLVAML,SARSGVGNTIY,1
GILGFVFTL,ASSMRSGSEQF,1
GILGFVFTL,SARDRLAGEYSEQY,1
GLCTLVAML,SARVGVGNTIY,1
GLCTLVAML,ASSQSPGGTQY,1
GILGFVFTL,ASSPRSNQPQH,1
GILGFVFTL,ASSGRAAGELF,1
GLCTLVAML,ASSPTSGSVYEQY,1
GILGFVFTL,ASSEGGVETQY,1
GILGFVFTL,ASSGLAGLNEQF,1
GLCTLVAML,ASSYWVGRRDTQY,1
GILGFVFTL,ASSMRASYEQY,1
GILGFVFTL,ASSMRSSYEQY,1
NLVPMVATV,ASSEDHTGFYEQY,1
GILGFVFTL,ASSGRATGELF,1
GLCTLVAML,SVGSGGTNEKLF,1
GILGFVFTL,ASSWVVPPNEQF,1
GILGFVFTL,ASSLAQRSEQY,1
GILGFVFTL,ASSLRSTGELF,1
NLVPMVATV,ASSQEQGDIQY,1
GILGFVFTL,ASSLSGNRQETQY,1
GLCTLVAML,ASADGAKIYEQY,1
GILGFVFTL,ASSLRSSYEQY,1
GILGFVFTL,ASSTRSSYEQY,1
NLVPMVATV,ASSLAPGATNEKLF,1
GILGFVFTL,ASSQRPSEVGELF,1
GILGFVFTL,ASSIRSAYEQF,1
GILGFVFTL,ASSKRSNQPQH,1
LLFGYPVYV,ASSQVLYNEQF,1
GILGFVFTL,ASSLYSQDEQF,1
GILGFVFTL,ASSLQGANEKLF,1
GILGFVFTL,ASSRRSSDEQY,1
IMDQVPFSV,ASSLLQGTEAF,1
NLVPMVATV,ASSPSTGVTFYGYT,1
GILGFVFTL,ASSSRSSYEQY,1
GILGFVFTL,ASSGRSTDTQY,1
GLCTLVAML,ASSPVSGSSYEQY,1
GLCTLVAML,ASSHQGPPTDGYT,1
SLFNTVATL,ASSPTGNWNTDTQY,1
GILGFVFTL,ASSQLGRGDNEQF,1
GILGFVFTL,ASSISLAAEQF,1
GILGFVFTL,ASSTLAGGQETQY,1
GILGFVFTL,ASSILSQQPQH,1
GILGFVFTL,ASSIRSSFEAF,1
GLCTLVAML,SARDGNREWLH,1
NLVPMVATV,AWSISDLAKNIQY,1
NLVPMVATV,ASSETGATNYGYTG,1
GILGFVFTL,SAQSGPGEVEKLF,1
GILGFVFTL,ASSTRGAYEQY,1
GLCTLVAML,SARSRVGNTIY,1
GLCTLVAML,SARDRTGNGYT,1
NLVPMVATV,ASSDRETYEQY,1
GILGFVFTL,ASSSRSGVEQY,1
GILGFVFTL,ASSGRSADTQY,1
IMDQVPFSV,ASSPGQGGYEQY,1
GILGFVFTL,ASSIVALDEQF,1
GILGFVFTL,ASSVDPAQETQY,1
LLFGYPVYV,ASLLLLNNEQF,1
GLCTLVAML,ASSLWGGINEQF,1
GILGFVFTL,ASSSRSAGELF,1
GILGFVFTL,ASSARSSTEQY,1
GILGFVFTL,ASSYNVRDGDYGYT,1
GILGFVFTL,ASSVRSTDTQY,1
GILGFVFTL,ASSTGGTDTQY,1
GILGFVFTL,ASSVRSADTQY,1
KLQCVDLHV,ASSFRGPNLYTEAF,1
KTWGQYWQV,ASSEVQGSTYEQY,1
GLCTLVAML,ASSQGQGISYEQY,1
IMDQVPFSV,ASSPRGGTADTQY,1
GLCTLVAML,SVGGQANTEAF,1
GILGFVFTL,ASSIRSGTEAF,1
GLCTLVAML,ASSTRSSYEQY,1
GILGFVFTL,ASSPGTSSIYEQY,1
GLCTLVAML,SARIGVGNTIY,1
GILGFVFTL,ASSIHSGNQPQH,1
GILGFVFTL,ASSFRATDTQY,1
GILGFVFTL,ASSTHGGGNTEAF,1
GILGFVFTL,ASSDRSNQPQH,1
GILGFVFTL,ASSARAGITQY,1
GILGFVFTL,ASKSEKGAGGSPLH,1
GILGFVFTL,ASSLGQGRETQY,1
GILGFVFTL,ASSTVSSYEQY,1
GILGFVFTL,ASSHYSVNEQF,1
GILGFVFTL,ASSIRSGESRAF,1
GILGFVFTL,ASSSRSTGELF,1
GILGFVFTL,ASSTYSRQPQH,1
NLVPMVATV,ASSDAENTEAF,1
GLCTLVAML,ASSSGRLTNTEAF,1
GILGFVFTL,ASSYYSNQPQH,1
NLVPMVATV,SAPPAGEYSNQPQH,1
GILGFVFTL,ASSTRAAYEQY,1
GILGFVFTL,ASSTRSDSPLH,1
GILGFVFTL,ASSVVASSYNEQF,1
GLCTLVAML,SARTGVGNTIY,1
LLFGYPVYV,SATGGDYNEQF,1
GILGFVFTL,ASSLGDRAGGYT,1
NLVPMVATV,ASNPVAGLPGEQY,1
GILGFVFTL,ASSFSGNTGELF,1
SLLMWITQV,ASSLANSYNEQF,1
GLCTLVAML,ASSFSGNTGELF,1
RMFPNAPYL,AISDPDRTGDEQY,1
NLVPMVATV,ASSLEYSPRPYEQY,1
GILGFVFTL,ASGLVPGGLVYEQY,1
GILGFVFTL,ASSMRSTGELF,1
GLCTLVAML,SVEAVGDGIYNEQF,1
GILGFVFTL,ASREGHLEGQPQH,1
NLVPMVATV,ASSLFVGGPGNEQ,1
GILGFVFTL,ASSSRSTDTQY,1
GLCTLVAML,SARDRHREWLH,1
GILGFVFTL,ASSIYSVNEQF,1
GILGFVFTL,ASSIFGGQPQH,1
GILGFVFTL,ASSPRSTDTQY,1
GILGFVFTL,ASSNRASEKLF,1
NLVPMVATV,SAREEGTQAWETQY,1
GLCTLVAML,ASSTGQVATNEKLF,1
GLCTLVAML,ASSEDAGLSYNEQF,1
GILGFVFTL,ASSQDRVRETQY,1
GILGFVFTL,ASSLGTANYGYT,1
GILGFVFTL,ASSTRSGDTQY,1
GILGFVFTL,ASSSRSHQPQH,1
FLYALALLL,ASSPLGGYYGYT,1
GILGFVFTL,ASSIRSQVEQF,1
GILGFVFTL,ASSPRASLEQY,1
GLCTLVAML,ASSQSPGGQQF,1
LLFGYPVYV,ASRPGLAGAQPEQY,1
GILGFVFTL,ASSIRSSNEQF,1
GILGFVFTL,ASSTSSGNTIY,1
MLDLQPETT,ASSLSVRGSTEAF,1
NLVPMVATV,ASSFTLGTGGVEQY,1
NLVPMVATV,AWSSRDSMTDTQY,1
GILGFVFTL,ASSYSLQGGLDEQY,1
GILGFVFTL,ASSLGTSYEQY,1
GILGFVFTL,ASSPRSSQPQH,1
GLCTLVAML,ASSSGLVSNTGELF,1
GILGFVFTL,ASSMRSAGELF,1
GILGFVFTL,ASSAQANQPQH,1
GILGFVFTL,ASSSPQGVSNTEAF,1
NLVPMVATV,ASSMTSGALYNEQF,1
GLCTLVAML,ASSPPLSSEQY,1
GILGFVFTL,ASSSRASHEQY,1
GILGFVFTL,ASSIRSSTEAF,1
GILGFVFTL,ASSIRSADTQY,1
GILGFVFTL,ASGRLSYNEQF,1
GILGFVFTL,ASSVYSGGYNEQF,1
GILGFVFTL,ASSLADPLPSGQY,1
GILGFVFTL,ATSQRSTDTQY,1
GILGFVFTL,SAPRGSGTIDTQY,1
GLCTLVAML,ASSQSPGGVAF,1
GLCTLVAML,SARDGTGNGYT,1
GILGFVFTL,ASSFRSSEKLF,1
GLCTLVAML,SARFGRGETQY,1
GLCTLVAML,ASSNSWGSYEQY,1
GILGFVFTL,ASSPLQGANTGELF,1
GLCTLVAML,ASSESVLGLNTEAF,1
CLGGLLTMV,ASSYVSQNNEQF,1
GILGFVFTL,ASSYRSTGELF,1
NLVPMVATV,ASSPWTGTLNTEAF,1
KTWGQYWQV,SASQGLNTGELF,1
GILGFVFTL,ASSIRSSGPQF,1
GILGFVFTL,ASSIRSGETQY,1
NLVPMVATV,ASSYITGTGSYGYT,1
GLCTLVAML,ASSLGGNNEQF,1
GILGFVFTL,ASSIRATYEQY,1
GILGFVFTL,ASSLMAGSYEQY,1
GILGFVFTL,ASSLERNTYEQY,1
GILGFVFTL,ASSTRSAYEQY,1
LLFGYPVYV,ASSQWGSGVYEQY,1
GILGFVFTL,ASSKRSTGELF,1
GILGFVFTL,ASSEAISGAWDEQF,1
GLCTLVAML,ASSGRVLPGELF,1
GILGFVFTL,ASSVRSAGELF,1
GILGFVFTL,SACRDREPDTQY,1
GILGFVFTL,ASSQTGLNTEAF,1
GILGFVFTL,ASSGRSTGELF,1
GILGFVFTL,ASSIRSDYEQY,1
NLVPMVATV,AWSVSDVANTEAF,1
GILGFVFTL,ASSALVLYATDTQY,1
GILGFVFTL,ASSPRSDSPLH,1
GLCTLVAML,ASSAGQVSPGELF,1
GILGFVFTL,ASSTTSGTEQF,1
GILGFVFTL,SANSDRVSYNEQF,1
GILGFVFTL,ASSQDKGRAYEQY,1
GILGFVFTL,ASGNKDIHNEQF,1
GLCTLVAML,ASSSGAGLDEQF,1
GLCTLVAML,ASSVISLGYGYT,1
GILGFVFTL,ASSTTSGGVETQY,1
GILGFVFTL,ASSMYGGSANEQF,1
GILGFVFTL,ASSSRSAYEQY,1
GILGFVFTL,ASSFRSTDTQY,1
GILGFVFTL,AISESTAHSYNEQF,1
GLCTLVAML,ASSGVQLLPGELF,1
FLYALALLL,ATAGQGGNGYT,1
GLCTLVAML,ASSPTSGSIYEQF,1
GILGFVFTL,ASSVTSGGRETQY,1
GILGFVFTL,ASSIRSSEPQH,1
GILGFVFTL,ASSLEVGQETQY,1
GILGFVFTL,ASSIRSGAEQY,1
GILGFVFTL,ASSTYSIDTQY,1
GILGFVFTL,ASSISSINEQF,1
GILGFVFTL,ASSGRSGETQY,1
GILGFVFTL,ASSFLDRGPNTEAF,1
GILGFVFTL,ASSVRAGETQY,1
GILGFVFTL,ASSIRASGVEQF,1
GILGFVFTL,SANQRTGVRWNEQF,1
MLDLQPETT,ASSRRGRITDTQY,1
GILGFVFTL,ASSSRQGAANEKLF,1
GILGFVFTL,ASSIRSEYEQY,1
GILGFVFTL,ASSIRGSGEQY,1
FLYALALLL,ASSYSGGYYGYT,1
GILGFVFTL,ASSIYGGAGDGYT,1
GILGFVFTL,ASSARSTDTQY,1
GLCTLVAML,ASSQDLPVTTGELF,1
IMDQVPFSV,ASSSRDRSSSTEAF,1
RTLNAWVKV,ASKEVAGAQETQY,1
GILGFVFTL,ASSYRATDTQY,1
GILGFVFTL,ASSIRSAHEQY,1
GLCTLVAML,ASTPGTVLPDTQY,1
GILGFVFTL,ASSFRSSYEQY,1
NLVPMVATV,ASSSETELLYYGYT,1
GLCTLVAML,SAPRAGGGQETQY,1
NLVPMVATV,SGGQGMVDGYT,1
GILGFVFTL,ASSMISINEQF,1
GILGFVFTL,ASSLYSNQPQH,1
NLVPMVATV,ASSPWTGTLNTEA,1
GILGFVFTL,ASSLERGNTEAF,1
GILGFVFTL,ASSWLSNQPQH,1
GLCTLVAML,ASSYGGISSYEQY,1
KVLEYVIKV,ASSLEPTANQPQH,1
GILGFVFTL,ASSLRASYEQY,1
NLVPMVATV,ASSPKLQGAWAEKL,1
GILGFVFTL,ASSIRSGYEQF,1
GILGFVFTL,ASSIRSGNTEAF,1
GLCTLVAML,SARDRVGNGHT,1
KTWGQYWQV,ASSLAGGTDTQY,1
RMFPNAPYL,ASSLGQGVAEQY,1
GILGFVFTL,AISDSPNTGELF,1
GILGFVFTL,ASSMRSDEKLF,1
GILGFVFTL,ASSIDSNQPQH,1
LLFGYPVYV,ASRPGLAGGRPEQY,1
GILGFVFTL,ASSIRATGELF,1
LLFGYPVYV,ASSQGTSFFEQF,1
NLVPMVATV,SARDGLAGHYEQY,1
YLLEMLWRL,ASSSHLGSWGTEAF,1
GILGFVFTL,ASSEISGTPQH,1
GILGFVFTL,ASSMFVGQPQH,1
GLCTLVAML,ASSPGTSGYYNEQF,1
NLVPMVATV,ASSLEGYTEAFFG,1
GILGFVFTL,ASSTYSNQPQH,1
GILGFVFTL,ASSTRSGYEQY,1
GILGFVFTL,ASGPHGGGNNEQF,1
GILGFVFTL,SARGRSEDTQY,1
GILGFVFTL,ASSDPGIQETQY,1
GILGFVFTL,ASSWRSDTEAF,1
GILGFVFTL,ASSGYSINEQF,1
LLFGYPVYV,ASRPGLASAEPEQY,1
GILGFVFTL,ASTVFQGGGQPQH,1
GILGFVFTL,ASSLRDGSEAF,1
RMFPNAPYL,ASSDLDSGVNTEAF,1
NLVPMVATV,ASSVGLPYEQYEQ,1
GILGFVFTL,ASSGRTGSSYEQY,1
GILGFVFTL,ASSTQGSQPQH,1
GILGFVFTL,ASSIFGQVDAF,1
GILGFVFTL,ASSIRGAYEQY,1
GILGFVFTL,ASSQTGAEELF,1
GLCTLVAML,ASSPPGLVGGELF,1
GILGFVFTL,ASSLLGRAGTDTQY,1
NLVPMVATV,ASSLEGYTEAF,1
GLCTLVAML,ASSEGQIAPGELF,1
GILGFVFTL,ASSMFGTDTQY,1
GILGFVFTL,ASSTYSTDTQY,1
GILGFVFTL,ASRPKQGGGGNEQF,1
GILGFVFTL,ASSGRAGGELF,1
GILGFVFTL,ASSTTGTPGNTIY,1
NLVPMVATV,ASSFQGFTEAF,1
IMDQVPFSV,ASSLYTRNQPQH,1
GILGFVFTL,ASSTGTLYGYT,1
GLCTLVAML,SARDVPGNTIY,1
GILGFVFTL,ASSTRSAAPLH,1
GILGFVFTL,ASSIRSAEKLF,1
GLCTLVAML,SAEPETSGGLQY,1
GILGFVFTL,ASSIRSSLEQY,1
GILGFVFTL,ASSTSEGGLFYEQY,1
GILGFVFTL,ASIIRSSYEQY,1
GILGFVFTL,ASAGTGVNIQY,1
IMDQVPFSV,ASGFTFQGSPEAF,1
GILGFVFTL,ASSPTRPVEQY,1
GILGFVFTL,ASSTRSHEPQH,1
GILGFVFTL,ASSIRSHDEQF,1
RTLNAWVKV,AGTAGAGTDTQY,1
GILGFVFTL,ASSIRSNYEQY,1
GILGFVFTL,ASSYRSSYEQY,1
GILGFVFTL,ASRGSLNQPQH,1
GLCTLVAML,SVGSQGTNEKLF,1
NLVPMVATV,ASSPITGTGIYGYT,1
GILGFVFTL,ASSVYSNQPQH,1
GILGFVFTL,ASSIRSVDTQY,1
GILGFVFTL,ASSQRSTDTQY,1
GILGFVFTL,ASSIHGLETQY,1
FLYALALLL,ASSLQGGNEQF,1
GILGFVFTL,ASSRTATHGYT,1
GILGFVFTL,ASSQRSTGELF,1
NLVPMVATV,CASSFQGYTEAFFG,1
GILGFVFTL,ASSIRSTTEAF,1
MLDLQPETT,ASGARPQETQY,1
NLVPMVATV,ASSYQTGTGTYGYT,1
GILGFVFTL,ASSLTTGGRNEQF,1
RMFPNAPYL,ATAQGLSSYEQY,1
GILGFVFTL,ASSIFTIEPQH,1
NLVPMVATV,ASSSANYGYTFG,1
NLVPMVATV,SATTESNQPQH,1
GILGFVFTL,ASSYLYRIGQLEAF,1
GILGFVFTL,ASSIHTANQPQH,1
NLVPMVATV,ASSYATGIPDTQY,1
NLVPMVATV,ATGRGGKIGEQY,1
GILGFVFTL,ASSIRSVAEAF,1
GILGFVFTL,ASSVRSSDTQY,1
GILGFVFTL,ASSMDRGSADTQY,1
IMDQVPFSV,ASSIIDRSGTEAF,1
GLCTLVAML,ATSTGDSNQPQH,1
GILGFVFTL,ASSARSGEPQH,1
GILGFVFTL,ASSSQSNQPQH,1
NLVPMVATV,ASSITLGTGGVEQY,1
GLCTLVAML,ATSITSGSQTQY,1
GILGFVFTL,ASSLVLGQVYEQY,1
GILGFVFTL,ASSVRSSGEQF,1
GILGFVFTL,ASSIFSVSNEQY,1
FLYALALLL,ASSAQGGNYGYT,1
GILGFVFTL,ATNGRGGYYNEQF,1
GILGFVFTL,SASAPTSYEQY,1
GILGFVFTL,ASSILSNTEAF,1
GILGFVFTL,ASRPPPAGQKETQY,1
GILGFVFTL,ASSLAGAGGYT,1
GILGFVFTL,ASSLTVLYGYT,1
GILGFVFTL,ASSSHQRTGVDEQF,1
GLCTLVAML,ASSYTRVNEQF,1
NLVPMVATV,ASSLVTGTGWGYT,1
GILGFVFTL,ASSGRSSQPQH,1
GILGFVFTL,ASSGRAGDTQY,1
GILGFVFTL,ASIDRPATNEKLF,1
GLCTLVAML,SARVGAGNTIY,1
GILGFVFTL,ASSWGGGSHYGYT,1
GILGFVFTL,ASSEAGGVEQY,1
NLVPMVATV,SAPPDSLNTEAF,1
GILGFVFTL,ASSIRAAETQY,1
GILGFVFTL,AWSFLDVTAGTEAF,1
MLDLQPETT,AISGAGLRYNSPLH,1
NLVPMVATV,ASSPVTGTGHYGYT,1
GILGFVFTL,ASSMGDRSMGNIQY,1
GILGFVFTL,ASSFRSSETQY,1
NLVPMVATV,ASSQRMGLSETQY,1
GILGFVFTL,ASSRQGVGQPQH,1
GLCTLVAML,ASSPVTGSSYEQY,1
GILGFVFTL,ASSQDPGYEQY,1
GILGFVFTL,ASSVSGATADTQY,1
GILGFVFTL,ASSISSTGELF,1
GILGFVFTL,ASSYGASGAYNEQF,1
GILGFVFTL,ASSIVSTDTQY,1
GILGFVFTL,ASSGQGGTEAF,1
GILGFVFTL,ASSVRSAYEQY,1
LLFGYPVYV,ASSLDSNSPLH,1
GILGFVFTL,ASSPRDSGVTGELF,1
GILGFVFTL,ASSTSHVGTEAF,1
NLVPMVATV,ASSLPPGRGYTEAF,1
GILGFVFTL,ASSEGTVTEAF,1
GILGFVFTL,ASSLGQQAKNIQY,1
NLVPMVATV,ASSTRTGQETQY,1
SLLMWITQV,ASSYVGNTGELF,1
GILGFVFTL,ASSIRSLDEQF,1
GILGFVFTL,ASSRGTRGRSETQY,1
GILGFVFTL,ASSGTSGTEQY,1
GILGFVFTL,ASQGVSYNSPLH,1
GILGFVFTL,ASSFKDNGETQY,1
FLYALALLL,ASSVGGHLNEKLF,1
GLCTLVAML,SVGSRGTNEKLF,1
GILGFVFTL,ASSIRSQETQY,1
NLVPMVATV,SARGQDIYEQY,1
GILGFVFTL,ASRRDGPSYEQY,1
GILGFVFTL,ASSVRSGWQPQH,1
GILGFVFTL,ASSTRPSYEQY,1
GILGFVFTL,ASSESTLSLTEAF,1
GILGFVFTL,ASSQQWEETQY,1
GILGFVFTL,ASSSFLLSEQY,1
GILGFVFTL,ASTPHRGPSYEQY,1
GILGFVFTL,ASSIVGTGTYEQY,1
LLFGYPVYV,ASRPGLMSGRPEQY,1
GLCTLVAML,ASSPTSGSIYEQY,1
GILGFVFTL,ASSIRAGYTEAF,1
GILGFVFTL,ASTRGVGTEAF,1
GLCTLVAML,ASSDGQVATNEKLF,1
GILGFVFTL,SARRQRSTDTQY,1
GILGFVFTL,ASSLRVSYNEQF,1
GILGFVFTL,ASSIHGAGTEAF,1
GLCTLVAML,SVGTQGTNEKLF,1
GILGFVFTL,ASSSVGSPYEQY,1
GILGFVFTL,ASSLTLVFEAF,1
GILGFVFTL,ASSQRSSYEQY,1
GILGFVFTL,ASSVRTGYTEAF,1
GILGFVFTL,ASSTRAADTQY,1
GLCTLVAML,ASSLNRGDPEAF,1
GILGFVFTL,ASSIVSNQPQH,1
GILGFVFTL,ASSMRSGETQY,1
SLFNTVATL,ASSQGGGGTDTQY,1
GILGFVFTL,ASSTRSSVEQY,1
LLFGYPVYV,SAEWDRAYNEQF,1
GILGFVFTL,ASSMDRFTNQPQH,1
GILGFVFTL,ASGGGGPETQY,1
GILGFVFTL,ASSSRATDTQY,1
GILGFVFTL,ASSVLAGAYNEQF,1
GLCTLVAML,ASSYWVGDTDTQY,1
GILGFVFTL,ASSLGGQGSNEQF,1
GLCTLVAML,ASSQNQDMGTEAF,1
GILGFVFTL,ASSIRSGDTQY,1
GILGFVFTL,ASSSTGGGVTEAF,1
GLCTLVAML,ASKTGTGNEKLF,1
GILGFVFTL,ASSTRATETQY,1
MLDLQPETT,ASSYGTSGYNEQF,1
GILGFVFTL,ASSIGDTSYEQY,1
GILGFVFTL,ASSMRSADTQY,1
GILGFVFTL,SARDTSGSYNEQF,1
KVLEYVIKV,ASSQYGNQPQH,1
GILGFVFTL,ASSIRSSNEQY,1
GILGFVFTL,ASSGTSVHEQY,1
NLVPMVATV,ASSPQTGTIYGYTG,1
NLVPMVATV,ASSEESGRAAEQY,1
GLCTLVAML,ASSEAGTSYYNEQF,1
GILGFVFTL,ASSMRSTDTQY,1
GILGFVFTL,ASSTHSGNEQF,1
GLCTLVAML,SARDGVGNGYT,1
GLCTLVAML,ASSPGLVSSGELF,1
GILGFVFTL,ASSARASEGAF,1
GILGFVFTL,SVGTGGAGQPQH,1
IMDQVPFSV,ATHGVSSRETQY,1
GILGFVFTL,ASSIRSFYEQY,1
GLCTLVAML,ASSPLAGVSDTQY,1
GILGFVFTL,ASSTRASYEQY,1
GILGFVFTL,ASRLAGSHEQY,1
GILGFVFTL,ASSLRSTDTQY,1
GILGFVFTL,ASSFRSADTQY,1
GILGFVFTL,ASSIHSNQPQH,1
IMDQVPFSV,ASSVGGRTGELF,1
GILGFVFTL,ASSLWGDYEQY,1
NLVPMVATV,CASSSANYGYTFG,1
GILGFVFTL,ASSSPTSGDYEQY,1
GILGFVFTL,ASSMRAGYEQY,1
GILGFVFTL,RYKGQGVSGANVLT,1
GILGFVFTL,ASSDFQAINQPQH,1
GILGFVFTL,ASSEGQVSPGELF,1
GILGFVFTL,ASSYGIAGKETQY,1
GILGFVFTL,ASSFGSDYNEQF,1
GILGFVFTL,ASGMIAGGLNERF,1
GILGFVFTL,ASSSDRGGYNEQF,1
GLCTLVAML,SARWGGGTDTQY,1
GILGFVFTL,ASSIRSNQPQH,1
GILGFVFTL,ASSTRAGTEQF,1
GILGFVFTL,ASSIRSSHEQY,1
GILGFVFTL,ASSYSTGTVDYEQY,1
GLCTLVAML,ASSLAEQGGELF,1
GILGFVFTL,SVLQGSPYEQY,1
GILGFVFTL,ASSRLSNQPQH,1
NLVPMVATV,ASSQTQLWETQY,1
GILGFVFTL,ASSSPWGQGPHEQY,1
GILGFVFTL,ASSTSGGGTEAF,1
GILGFVFTL,ASSVRSTYEQY,1
GILGFVFTL,ASSMRSTNEQF,1
GILGFVFTL,ASSPYHTNEQF,1
GILGFVFTL,ASSKRSSYEQY,1
GILGFVFTL,ASSMVAALGEQF,1
GILGFVFTL,ASSIRSMDIQY,1
GILGFVFTL,ASSMRASVEQF,1
GILGFVFTL,ASSQGTSGFWQF,1
GILGFVFTL,ATAPHSGNQPQH,1
NLVPMVATV,AWSVSDLAKNIQY,1
GLCTLVAML,ASSYPEVAPSEQF,1
KTWGQYWQV,ASSLAGGVDTQY,1
FLYALALLL,ASSSQGGFDGYT,1
GILGFVFTL,ASSIYGLSSYNEQF,1
GLCTLVAML,ASSQRPSEVGELF,1
GILGFVFTL,ASSMAGGPGNEQF,1
GILGFVFTL,ASRIDSNQPQH,1
NLVPMVATV,ASSLAPGTTNEKLF,1
GILGFVFTL,SLQGGRYNEQF,1
KVLEYVIKV,ASSSGQGATNEKLF,1
GILGFVFTL,ASSSRSSGEQY,1
GILGFVFTL,ASRVDRLPSNEKLF,1
NLVPMVATV,ASSSSGRDYEQY,1
GILGFVFTL,ASSMVGGSYNEQF,1
GILGFVFTL,ASSIRSSETQY,1
GILGFVFTL,ASSHRSSYEQY,1
GILGFVFTL,ASSEEAGEYNEQF,1
GILGFVFTL,ASSLWGGTEAF,1
GILGFVFTL,ASSQDGFGLFNEQF,1
RTLNAWVKV,ASSQDRGGLGEKLF,1
GLCTLVAML,ASSPGSTAPGELF,1
YLLEMLWRL,ASSVGGVSPLH,1
GILGFVFTL,ASSVDGDTSTDTQY,1
GILGFVFTL,ASSSFSANEKLF,1
NLVPMVATV,ASSVTPSSYNEQF,1
GILGFVFTL,ASKGTSGGVNEQF,1
GILGFVFTL,ASGAGGPLNEQF,1
GLCTLVAML,SGREDSTNEKLF,1
GLCTLVAML,SVGTGGTNEKLF,1
GILGFVFTL,ASSFYSNQPQH,1
GILGFVFTL,ASRLHPGHMSYT,1
GILGFVFTL,ASSTYSTGSGYT,1
GILGFVFTL,ASSFRAPYGYT,1
GILGFVFTL,ASSISGANQPQH,1
GILGFVFTL,ASSMRSGVEQY,1
GLCTLVAML,ASSPLIGTPPGEQF,1
NLVPMVATV,ASSRTGGAPEKLF,1
NLVPMVATV,ASSQEAADNEKLF,1
GILGFVFTL,ASSLGFTDTQY,1
GILGFVFTL,SVGSGDHGEQF,1
GILGFVFTL,ASSPFQGSYEQY,1
GLCTLVAML,ASSFTSGTTDTQY,1
IMDQVPFSV,ASSTTGGGNYEQY,1
GLCTLVAML,ASSTGQVTQETQY,1
NLVPMVATV,ASSPRQSNQPQH,1
NLVPMVATV,ASSKTSGSPYNEQF,1
GILGFVFTL,AWSPKTSDTGELF,1
GLCTLVAML,SASRPYSNQPQH,1
GILGFVFTL,SAKEGPTGGYGYT,1
GLCTLVAML,SARDETGNGYT,1
NLVPMVATV,ASSQALPYEQY,1
GILGFVFTL,ASTPSSGSAGNTIY,1
NLVPMVATV,ATGRGGMIGEQY,1
GILGFVFTL,ASSEGEAVYNSPLH,1
GLCTLVAML,ASSVAGTTDTQY,1
GILGFVFTL,ASSRTGTSYEQY,1
GILGFVFTL,ASGLVPEGLVYEQY,1
KTWGQYWQV,ASSLEIAQETQY,1
GILGFVFTL,ASSIRSSDTQY,1
LLFGYPVYV,ASSLGLADPNNEQF,1
LLFGYPVYV,ASSRYLDTEQY,1
LLFGYPVYV,SASKRLLNEQF,1
GILGFVFTL,AVLVDPYNEQF,1
GILGFVFTL,ASSIFSTPNQPQH,1
GILGFVFTL,ASSMRSAYEQY,1
GILGFVFTL,AASTRSTDTQY,1
GILGFVFTL,ASSSRDGGTDTQY,1
LLFGYPVYV,ASRPGLMSAQPEQY,1
GILGFVFTL,ASAPDGFFYGYT,1
GILGFVFTL,ASSQVVGNTIY,1
GILGFVFTL,ASSPTSGGYNEQF,1
GILGFVFTL,ASGLVPGGVVYEQY,1
GILGFVFTL,ASSLGDRPSTDTQY,1
LLFGYPVYV,ASSTERGEAYEQY,1
GILGFVFTL,ASSIRSGATQY,1
GILGFVFTL,ASSQEHNSGPYEQY,1
GILGFVFTL,ASSSAGPYGYT,1
FLYALALLL,ASSRQGGNYGYT,1
GILGFVFTL,ASSPTSNTEAF,1
RTLNAWVKV,ASSLDRTSSPLH,1
GLCTLVAML,ASSEGQVSPGELF,1
GILGFVFTL,ASSSGLAGVNEQF,1
RTLNAWVKV,ASGPGTGQETQY,1
GLCTLVAML,ASSTYYGQSYGYT,1
GILGFVFTL,ASSHRSTDTQY,1
NLVPMVATV,ASSPITGTGAYGYT,1
GILGFVFTL,ASAGTGVEKLF,1
GILGFVFTL,ASSARSTGELF,1
GILGFVFTL,ASRTRSAYEQY,1
GLCTLVAML,SAEPGTSGGLQY,1
GILGFVFTL,ASSMRSGANVLT,1
GILGFVFTL,ASSIRAAGELF,1
GILGFVFTL,ASSTRSGTEAF,1
LLFGYPVYV,ASSFPYQGDTEAF,1
NLVPMVATV,SARDRIGNTIY,1
NLVPMVATV,AIRDKMNTEAF,1
GILGFVFTL,ASSDPRGEETQY,1
GILGFVFTL,ASSLIFPGRAF,1
GILGFVFTL,ASSRTASSYNEQF,1
GILGFVFTL,ASSDRSGNTIY,1
GILGFVFTL,ASGPNFNTGELF,1
NLVPMVATV,SAFSGAAFVTDTQY,1
GILGFVFTL,ASSPKDIRVYNEQF,1
GILGFVFTL,ASSPRSGNTIY,1
GILGFVFTL,ASSIHGAETQY,1
GILGFVFTL,ASSSFGGRELF,1
GILGFVFTL,SARDGTRAHYEQF,1
LLFGYPVYV,ASSYPGGGFYEQY,1
GILGFVFTL,ASSDSSGGLYNEQF,1
GILGFVFTL,ASSSRSGETQY,1
GILGFVFTL,ASSIHGANQPQH,1
GILGFVFTL,ASSGGSKNYAV,1
GILGFVFTL,ASSIRASVEQY,1
GILGFVFTL,ASSKQTGTGNYGYT,1
LLFGYPVYV,ASSPWGSPSYEQY,1
GILGFVFTL,ASSEDPATNEKLF,1
NLVPMVATV,AWSSRGQMTDTQ,1
GLCTLVAML,SARDSTGNGYT,1
GILGFVFTL,ASSPGTGPNQPQH,1
NLVPMVATV,ASTLWSATNEKLF,1
GILGFVFTL,ASSPGTPTYGYT,1
GILGFVFTL,ASSLFGRDLGGYT,1
GILGFVFTL,ASSIRASETQY,1
GILGFVFTL,ASSVRHGTEAF,1
GLCTLVAML,ASSEGQLSSGNTIY,1
GILGFVFTL,ASSARSDEKLF,1
GILGFVFTL,ASSLAGDSYEQY,1
GLCTLVAML,SARALPVGNTIY,1
LLFGYPVYV,ASSPRQVNYNEQF,1
NLVPMVATV,SAFDREGVDGYT,1
GILGFVFTL,ASSIRSSGELF,1
GILGFVFTL,ASSFRSGETQY,1
SLFNTVATL,ASTHLRSGGVYEQY,1
GILGFVFTL,ASSSRSGTEQF,1
GLCTLVAML,ASSLSGGINEQF,1
LLFGYPVYV,ASRPLGMSAQPEQY,1
GILGFVFTL,ASSVLNQETQY,1
GILGFVFTL,ASSPSSSYEQY,1
SLLMWITQV,ASSERGSHYNEQF,1
GILGFVFTL,ASSTRSGQPQH,1
GILGFVFTL,ASSEEGRLYNSPLH,1
NLVPMVATV,ASSYSTGAGETQY,1
GILGFVFTL,ASSPEAGVSNTEAF,1
LLFGYPVYV,ASSVIGGTYEQY,1
GLCTLVAML,SARVGPTGNTIY,1
LLFGYPVYV,ASSLYGQGLSYGYT,1
FLYALALLL,ASSLQGGIDGYT,1
GILGFVFTL,ASSTYSRDTQY,1
NLVPMVATV,SARDNLRANYGYT,1
LLFGYPVYV,ASSFHEREMNNEQF,1
GILGFVFTL,ASSSRSGQPQH,1
GILGFVFTL,ASSQSTGQPQH,1
NLVPMVATV,ASRPDGRETQY,1
GILGFVFTL,ASSPPPGAVETQY,1
NLVPMVATV,ASSLLLAGYNEQF,1
GILGFVFTL,ASSRASTDTQY,1
GILGFVFTL,ASTTGTVNTEAF,1
GILGFVFTL,ASSIFSGGQNIQY,1
GILGFVFTL,ASSWVSLDTQY,1
LLFGYPVYV,ASSLGTLAKNIQY,1
GILGFVFTL,SAAGLAGGSYEQY,1
GILGFVFTL,ASSLGAGFLQETQY,1
GILGFVFTL,ASSTRSQETQY,1
NLVPMVATV,ASSQDPFAVLNTEA,1
LLFGYPVYV,ASRDRGKNEQY,1
GILGFVFTL,ASSIRAGETQY,1
GILGFVFTL,ASSYSGHVNTEAF,1
GILGFVFTL,ASSPSLAGYGNEQF,1
GILGFVFTL,ASSWEGINYGYT,1
GILGFVFTL,ASSTRSADTQY,1
GILGFVFTL,ASSIRAGDNTEAF,1
GILGFVFTL,ASSGRSGYEQY,1
GLCTLVAML,AISDDRGPYEQY,1
GILGFVFTL,ASSTKDGGTGELF,1
GILGFVFTL,ATYLSRDRDSPLH,1
GILGFVFTL,ATSRDLASQAF,1
GLCTLVAML,ASQNGTVNTGELF,1
GILGFVFTL,ASSIRPSYEQY,1
GILGFVFTL,ASSIRSSQPQH,1
GILGFVFTL,ASSTHGADEQY,1
GLCTLVAML,SARWGVGNTIY,1
GILGFVFTL,ASSLGDFLRTDTQY,1
NLVPMVATV,ASSGTDSNQPQH,1
GILGFVFTL,ASSMRSSHEQY,1
GILGFVFTL,ASSIFYRAEAF,1
KTWGQYWQV,ASSLLGGTIDTQY,1
GILGFVFTL,ASSLLGGAGTDTQY,1
GILGFVFTL,ASSTRAGDTQY,1
GILGFVFTL,ASSLVVTSGFNEQF,1
GILGFVFTL,ASSIFSGQPQH,1
GILGFVFTL,ASSPRDRERGEQY,1
RMFPNAPYL,ACPGPLTYEQY,1
RMFPNAPYL,ASSTQVGYEQY,1
IMDQVPFSV,ATTRGPKLNEKLF,1
GILGFVFTL,ASSEALVLEQF,1
GILGFVFTL,ASSIRSGNEQY,1
GILGFVFTL,ASSPLSGRVTDTQY,1
MLDLQPETT,ASSNKVADTQY,1
GILGFVFTL,ASSIRSDTEAF,1
GILGFVFTL,ASKSGLGGTTEAF,1
GILGFVFTL,ASPPLGGGYNEQF,1
GILGFVFTL,ASSPFGSDEQF,1
GILGFVFTL,ASSIFASGNTQY,1
NLVPMVATV,ASSELGGAGTGEL,1
GILGFVFTL,ASSQEAGALGETQY,1
GILGFVFTL,ASSIIALDTQY,1
GLCTLVAML,SVRDRVGNTIY,1
GILGFVFTL,ASSQLGGISNQPQH,1
GILGFVFTL,ATTPGGSLSGYT,1
GILGFVFTL,ASSGISTDTQY,1
NLVPMVATV,ASTGTSGALYNEQF,1
GILGFVFTL,ASSTTSGGLNEQF,1
GILGFVFTL,ASSIRSDEKLF,1
NLVPMVATV,ASSFLQVTEAFFG,1
GILGFVFTL,ASSIYSTPDQPQH,1
GILGFVFTL,ASSLTGTVYEQY,1
KTWGQYWQV,ASSLGGGTGELF,1
GILGFVFTL,ASSSGLVSNTGELF,1
GILGFVFTL,ASSIRSNTEAF,1
GILGFVFTL,ASSLGRVSEQY,1
GILGFVFTL,ASSVELAPGELF,1
GILGFVFTL,ASSIMALGRSEAF,1
GLCTLVAML,ASSQAPGGEQY,1
GILGFVFTL,ASSIHKNQPQH,1
LLFGYPVYV,ASSRKTGANEQF,1
GILGFVFTL,ASSLFPGFGEQY,1
GILGFVFTL,ASSTRSTYEQY,1
NLVPMVATV,ASSSSPGLDNEQF,1
GILGFVFTL,ASSFFHNNEQF,1
GILGFVFTL,ASSTRSTSPGH,1
GILGFVFTL,ASSQRSQETQY,1
GILGFVFTL,ASSTRSSSEQY,1
LLFGYPVYV,ASSDLGGVGKNIQY,1
GLCTLVAML,ASSAGTSGQETQY,1
GILGFVFTL,ASGMTGLTSEQY,1
GILGFVFTL,ASNPSSTDTQY,1
GLCTLVAML,ASSWNRASSYEQY,1
GILGFVFTL,ASSTRSTGELF,1
RTLNAWVKV,ASSTVGSSGNTIY,1
GILGFVFTL,APLKGSSYEQY,1
GILGFVFTL,ASSPRSGSTEAF,1
GILGFVFTL,ASSIRAADTQY,1
GILGFVFTL,ASSLPGTGGSPLH,1
GILGFVFTL,ASGGISTDTQY,1
NLVPMVATV,ASSFLQVTEAF,1
GILGFVFTL,ASSVDGGGLDEQF,1
GILGFVFTL,ASSSRSANEQF,1
NLVPMVATV,ASSSRTSGINEQF,1
GILGFVFTL,ASSPIAGSSYEQY,1
GILGFVFTL,ASSDSYLEGGYT,1
GILGFVFTL,ASMGLAGLNEQF,1
RTLNAWVKV,ASSQDLVSQPQH,1
NLVPMVATV,SARRTGSTYNEQF,1
GILGFVFTL,ASSLRASGAQY,1
GILGFVFTL,ASSTRSSNEQF,1
GILGFVFTL,ASSGRPTETQY,1
LLFGYPVYV,ASSLTGGDTQY,1
GILGFVFTL,ASSSAAAYEQY,1
GILGFVFTL,AISEGGINTEAF,1
LLFGYPVYV,ASSLTGFDYGYT,1
NLVPMVATV,ASSSAHYGYTFG,1
LLFGYPVYV,ASNPGLAGGPHEQY,1
GLCTLVAML,ASSQSPGGEQY,1
GILGFVFTL,ASSPRSAVEQY,1
GILGFVFTL,ASSTKEGGTGEQF,1
NLVPMVATV,ASSAGGGSYNEQF,1
GLCTLVAML,SVGSAGTNEKLF,1
NLVPMVATV,ASSGRWTAYNEQF,1
GLCTLVAML,SGTGGTNEKLF,1
NLVPMVATV,ASSFQGYTEAF,1
GILGFVFTL,ASSLGDPVWNTQY,1
GILGFVFTL,ASSSRATGELF,1
GILGFVFTL,ASSFLATDEQF,1
GILGFVFTL,ASSIRRAYERY,1
GILGFVFTL,ASSVDSGSDYEQY,1
GLCTLVAML,ASSQSPGGMQY,1
GILGFVFTL,ASSLGDNTEAF,1
GILGFVFTL,ASSKRSSDTQY,1
GILGFVFTL,ASSGTGAGEQY,1
GILGFVFTL,ASSYLAGEITDTQY,1
NLVPMVATV,ASSETGFGNQPQH,1
RTLNAWVKV,ASSPGQGHTDTQY,1
GILGFVFTL,ASSPQTGAYGYT,1
GILGFVFTL,ASSIRSQDTQY,1
GILGFVFTL,ASSQDEPYEQY,1
NLVPMVATV,ASSPGTGHTGELF,1
GILGFVFTL,ASSPRSSYEQY,1
GILGFVFTL,ASSFFLAAGYP,1
GILGFVFTL,ASDTGGGYGYT,1
GLCTLVAML,ASGGSSYQETQY,1
GILGFVFTL,ASSQDWGQPNTEAF,1
GILGFVFTL,ASSLTGAGYEQY,1
GILGFVFTL,ASSPTGGPADTQY,1
GLCTLVAML,ASSDGQLTAGELF,1
GILGFVFTL,ASSIRAASYNEQF,1
GLCTLVAML,SAWDREVVGTEAF,1
GILGFVFTL,SARVRGDVYGYT,1
GILGFVFTL,ASSDRSGTEQY,1
GILGFVFTL,ASSSSSRTSNNEQF,1
NLVPMVATV,ASQIQGYTEAF,1
GILGFVFTL,ASSPASGNEQY,1
GILGFVFTL,ATSYEDNSGANVLT,1
GILGFVFTL,ASSSLGAREQF,1
GILGFVFTL,ASSLLGGWSEAF,1
GILGFVFTL,ASSYRVDSNQPQH,1
FLYALALLL,ASSQGTGQETQY,1
LLFGYPVYV,ASRPGLMSAEPEQY,1
GILGFVFTL,ASSGTSFTEQY,1
NLVPMVATV,ASSLEGFTEAF,1
NLVPMVATV,ASSYATEVAGETQY,1
GILGFVFTL,ASSTFGANVLT,1
GILGFVFTL,ASSALSGRAIDEQY,1
GILGFVFTL,ASSKRSQEPQH,1
GILGFVFTL,SAPPGDHTEAF,1
NLVPMVATV,ASSFQGYTEAFFG,1
KTWGQYWQV,ASSQEDWYNEQF,1
GILGFVFTL,ASSIRSAWEQF,1
GILGFVFTL,ASSKFSINEQF,1
GLCTLVAML,ASSVAGGDEQF,1
GLCTLVAML,ASSISGTSAYYEQY,1
GILGFVFTL,ASSSGGPYNEQF,1
GLCTLVAML,ARSQSPGGTQY,1
GILGFVFTL,ASSLAGDGSYNEQF,1
GILGFVFTL,ASSTHPGNEQY,1
GILGFVFTL,ASSLGTGHNEQF,1
GLCTLVAML,ASTTTGNTDTQY,1
GILGFVFTL,ASSGLSNQPQH,1
GILGFVFTL,ASSKRSTDTQY,1
FLYALALLL,ASSEVVSTTYEQY,1
GILGFVFTL,ASSQHGTSNEQF,1
GILGFVFTL,ASSARSSSEQY,1
GILGFVFTL,AASSRSTDTQY,1
GILGFVFTL,ASSPRPDKEAF,1
NLVPMVATV,ASSLGRDLNQPQH,1
GILGFVFTL,QQQRSTGGSNQPQH,1
GILGFVFTL,ASSLSRRGPNYGYT,1
LLFGYPVYV,SASNRESYEQY,1
CLGGLLTMV,ASSSEGQASSYEQY,1
NLVPMVATV,ASSPQTGTIYGYT,1
GILGFVFTL,ASSVAGGDTGELF,1
NLVPMVATV,ASSQEEGPGNQPQH,1
GILGFVFTL,ASTSRGVSKVF,1
FLYALALLL,ASEGQGGNEQF,1
GILGFVFTL,ASSQEIGFSPLH,1
GILGFVFTL,ASSYRSQETQY,1
GILGFVFTL,ASSLGTSGGETQY,1
GILGFVFTL,ASSISSSSYNEQF,1
GILGFVFTL,SARDRTGNGYT,1
NLVPMVATV,ASSWKTGTGGTGYT,1
GLCTLVAML,ASSATGGDEQF,1
NLVPMVATV,ASGPLLLMTNEQF,1
NLVPMVATV,ASSLTGTTYGGYT,1
LLFGYPVYV,ASRPGLMSARPEQY,1
GLCTLVAML,SVGSDGTNEKLF,1
GILGFVFTL,ASSQDPSRTYEQY,1
GILGFVFTL,ASSLEWGGETQY,1
LLFGYPVYV,ASSQEFWVLGELF,1
GILGFVFTL,ASSFGSTDTQY,1
GLCTLVAML,ASSVTGTFGYEQY,1
GILGFVFTL,SARDLTAGSYEQY,1
LLFGYPVYV,ATSEKLAVSTDTQY,1
GILGFVFTL,ASTFGQAPPAF,1
MLDLQPETT,ASSTTGGSGYT,1
GILGFVFTL,AASGRASETQY,1
GILGFVFTL,ASSIFGAGELF,1
GILGFVFTL,ASGVRSGEVEQF,1
GILGFVFTL,ASSDRATQPQH,1
GILGFVFTL,ASSSRAAYEQY,1
NLVPMVATV,ASSPVTGGIYGYT,1
GLCTLVAML,SARDDGVNTEAF,1
GLCTLVAML,ASSQGDVAPGTQY,1
GILGFVFTL,ASSTRAANEQF,1
NLVPMVATV,ASSYQTGTGVYGYT,1
NLVPMVATV,ASSVASGRAHEQY,1
GLCTLVAML,ASSLWTGSHEQY,1
GILGFVFTL,ASSARSAETQY,1
GILGFVFTL,ASSVEAAGAGELF,1
GILGFVFTL,ASSIDGNVAPLH,1
GILGFVFTL,ASSVRSSMNTEAF,1
IMDQVPFSV,ASSLLPAGHEQY,1
NLVPMVATV,ACSLRSQGTDTQY,1
GILGFVFTL,ASSIRGAETQY,1
GILGFVFTL,ASSQEWGINEKLF,1
MLDLQPETT,ASSLLAHTGELF,1
GILGFVFTL,ASSPGGLAGADTQY,1
GILGFVFTL,ASSLGRTNQPQH,1
NLVPMVATV,ASSQTGFGNQPQH,1
GLCTLVAML,ASSGEQLLPGELF,1
NLVPMVATV,ASSYSTGTAYGYT,1
GILGFVFTL,ASSPRSGVEQF,1
GILGFVFTL,ASSPLAVTYNEQF,1
GLCTLVAML,ASSQAGLAAYNEQF,1
NLVPMVATV,ASSSAFYGYTFG,1
GILGFVFTL,ASSISSGSYNEQF,1
RTLNAWVKV,ASSLSGATYNEQF,1
GILGFVFTL,ASSINSNQPQH,1
GILGFVFTL,ASSPDLGYEQY,1
GILGFVFTL,ASSTKEGGTGELF,1
GILGFVFTL,ASSSGGQASSYEQY,1
GILGFVFTL,ASAFYSNQPQH,1
GILGFVFTL,ASSPTGSDTGELF,1
GILGFVFTL,ASSSRSGNEQF,1
NLVPMVATV,ATSRDLAEVNTEAF,1
KTWGQYWQV,ASSLGLEGTNQPQH,1
NLVPMVATV,ASSYTLASYEQY,1
GILGFVFTL,ASSSRSQYEQY,1
GILGFVFTL,ASSLGTGPYNEQF,1
GILGFVFTL,ASSMRAAYEQY,1
NLVPMVATV,ASSLAPGATNEKL,1
GILGFVFTL,ARGGGGSYERY,1
YLLEMLWRL,ASSPSGSGNEQF,1
GLCTLVAML,ASSGGQLAPGELF,1
GLCTLVAML,ASSTGQLSSGNTIY,1
GILGFVFTL,SAARTGGNEKLF,1
GLCTLVAML,ASNLGQILPGEQY,1
GILGFVFTL,ASSSRSGWEQY,1
GILGFVFTL,ASSQDWGAGTQY,1
GILGFVFTL,ASSIRSTETQY,1
GILGFVFTL,ASSIRASHEQF,1
GILGFVFTL,ASKRGMSNQPQH,1
GILGFVFTL,ASSFGQGAEKLF,1
GILGFVFTL,ASSSQGGGSGYT,1
GILGFVFTL,ASSGIWDFTDTQY,1
GLCTLVAML,SARDPYRASNQPQH,1
GILGFVFTL,ASSIFGGSSYNEQF,1
GILGFVFTL,ASSRYHTDTQY,1
SLFNTVATL,ASSPLGQDTQY,1
NLVPMVATV,ASSQQTGTIGGYT,1
GLCTLVAML,ASSTDRAAQPQH,1
GILGFVFTL,ASSIRSLDIQY,1
RTLNAWVKV,ASSDQGQVKNIQY,1
GILGFVFTL,ASSMRSYNEQF,1
GILGFVFTL,ASSLYASYEQY,1
NLVPMVATV,ASSLGRGIYEQY,1
GILGFVFTL,ASSSRAGGEQY,1
GLCTLVAML,ASSQCPGGEQY,1
GILGFVFTL,ASSIRSLDTQY,1
GILGFVFTL,ASSTSTGTGYGYT,1
GILGFVFTL,ASSMRAGETQY,1
GILGFVFTL,ASSTKVGGTGELF,1
GILGFVFTL,SVEISGKEDTQY,1
GLCTLVAML,SARPQPVGNTIY,1
GILGFVFTL,ASSYFGLAFQETQY,1
GILGFVFTL,ASSIFGSSNQPQH,1
GILGFVFTL,ASSTRSGETQY,1
GILGFVFTL,ASSQSPGGTQY,1
GILGFVFTL,ASMVGQGTGELF,1
GILGFVFTL,ASSTFSSGRTEAF,1
GILGFVFTL,ASSMGQGTYEQY,1
MLDLQPETT,ASSPTGGRYGYT,1
GILGFVFTL,ASSSPGGMETQY,1
GILGFVFTL,ASSLERSTDTQY,1
GLCTLVAML,ASSTDGQGGSDTQY,1
GILGFVFTL,ASSPVGVGEQF,1
GLCTLVAML,SARDRIGNTIY,1
NLVPMVATV,SARDGLTGHYEQY,1
GILGFVFTL,ASSKRGAETQY,1
GILGFVFTL,ASSIRSGVEQY,1
GILGFVFTL,ASSIRGANQPQH,1
GILGFVFTL,ASSARSSNEQF,1
NLVPMVATV,ASTGTSGALYNEQ,1
GILGFVFTL,ASSTRATGELF,1
GLCTLVAML,ASSNADTPLQETQY,1
GILGFVFTL,ASSIRSSDEQF,1
GILGFVFTL,ASGLRGPYERN,1
GILGFVFTL,ASSFLTGNTEAF,1
GLCTLVAML,ASSFTSGSIYEQY,1
GILGFVFTL,ASSIISVDTQY,1
GILGFVFTL,ATQGDNTYEQY,1
GILGFVFTL,ASSTHSGNQPQH,1
GLCTLVAML,ASSTYSGQSYGYT,1
GILGFVFTL,ASSLERGTDTQY,1
GILGFVFTL,ASSIRSGWEQY,1
GILGFVFTL,SARGGFLSPLH,1
GILGFVFTL,ASSIRSAYTQY,1
GLCTLVAML,ASSQRPGGQQF,1
NLVPMVATV,ASSVDVAGGYNEQF,1
GILGFVFTL,ASSSDRDNTGELF,1
GLCTLVAML,ASSISGDYGYT,1
NLVPMVATV,ASSFPKDGSTYEQY,1
NLVPMVATV,SARVMVGGTEAF,1
GILGFVFTL,ASSGRSAGELF,1
GILGFVFTL,ASSLYSATGELF,1
GILGFVFTL,ASSGRSGIEQY,1
GILGFVFTL,ASGVYSNQPQH,1
NLVPMVATV,SARAEGARDSPLH,1
GILGFVFTL,ASSIVASGGRY,1
GILGFVFTL,ASSYHSNQPQH,1
GILGFVFTL,ASSQFFGNTIY,1
GILGFVFTL,ASSTSNEQPQH,1
GILGFVFTL,AISDGDSTYGYT,1
GILGFVFTL,ASSMRGSDTQY,1
GILGFVFTL,ASSWRSTDTQY,1
GILGFVFTL,ASSSGLAGGNEQF,1
GLCTLVAML,ASRPDSDYGYT,1
GILGFVFTL,ASSIRSTEGAF,1
GILGFVFTL,ASSSHHGSPLGQY,1
NLVPMVATV,ASSFIGGVDGYT,1
LLFGYPVYV,ASSAGLFPEQF,1
GILGFVFTL,ASSGPGGVDEQY,1
GILGFVFTL,ASSTSGANQPQH,1
GILGFVFTL,ASSIGHYSGNTIY,1
GILGFVFTL,ASSGTSGGYEQY,1
GILGFVFTL,ASSDRSNTEAF,1
GILGFVFTL,ASSQVEAFYEQY,1
GLCTLVAML,SVTGDRRSNQPQH,1
NLVPMVATV,ASSPGQGGDEQY,1
GILGFVFTL,ATSDISITEAF,1
GILGFVFTL,ASSGLAGARNEQY,1
LLFGYPVYV,ASRPGLMGGRPEQY,1
GILGFVFTL,ASSIRSTNEQF,1
GLCTLVAML,SVGSQGINEKLF,1
GLCTLVAML,ASSYAYDGSYEQY,1
GILGFVFTL,ASNPASGGELF,1
GILGFVFTL,ASSIVIVAGANVLT,1
IMDQVPFSV,ASSTALAASYEQY,1
GILGFVFTL,ASSIGGGNQPQH,1
YLLEMLWRL,ASSIRSSYEQY,0
KLQCVDLHV,ASSGRWTAYNEQF,0
KVAELVHFL,ASSMRSTDTQY,0
GILGFVFTL,ASNNPGTGNSPLH,0
GILGFVFTL,ASSWGIYEKLF,0
YLLEMLWRL,ASGRLSYNEQF,0
SLLMWITQV,ASSTTGGGNYEQY,0
KVAELVHFL,ASSMRASVEQF,0
KVAELVHFL,ASSIRSGYEQY,0
CLGGLLTMV,ASSIRSTYEQY,0
YLLEMLWRL,ASSQSPGGMQY,0
GILGFVFTL,SVDSVKGSDYEQY,0
GILGFVFTL,ASSRATVLNSPLH,0
GLCTLVAML,ASSLGRDRGDDEQY,0
RMFPNAPYL,ASSVISLGYGYT,0
NLVPMVATV,SAPDPTSGRGNEQF,0
KVLEYVIKV,ASSQSPGGTQY,0
GILGFVFTL,ASSLVIADTQY,0
LLFGYPVYV,ASSLFVGGPGNEQ,0
KVAELVHFL,SAPPGDHTEAF,0
YLLEMLWRL,ASSFRSTDTQY,0
KVAELVHFL,ASSLAPGATNEKLF,0
GILGFVFTL,ATSDPNTGNEQY,0
GILGFVFTL,ASTPTGTGGTGELF,0
GILGFVFTL,SAPDRDNTDTQY,0
SLFNTVATL,ASSLGLGGGNSPLH,0
GILGFVFTL,ASSRRGGRGDNEQF,0
GILGFVFTL,ASSLSAGGGQPQH,0
GILGFVFTL,ASSPLGGLSYEQY,0
GLCTLVAML,SALDSSFYNEQF,0
GILGFVFTL,ASSHRSGWNTDTQY,0
GILGFVFTL,ASSYQAGGYNEQF,0
KVLEYVIKV,ASSLGDFLRTDTQY,0
GILGFVFTL,ASSLQNTGELF,0
GLCTLVAML,ASSRTATHGYT,0
KLQCVDLHV,ASSIRAAYEQY,0
MLDLQPETT,ASSIDSNQPQH,0
KVLEYVIKV,ASSQEHNSGPYEQY,0
NLVPMVATV,ASSRPGGPDTEAF,0
GILGFVFTL,ASSVASPKSSYEQY,0
NLVPMVATV,ASSDKPVAVTYEQY,0
GILGFVFTL,SAQSGGPETQY,0
GLCTLVAML,ASSLSGQGNTEAF,0
GILGFVFTL,ASSPLTSGEQETQY,0
KTWGQYWQV,ASSLGDNTEAF,0
GILGFVFTL,ASSVNRDRGSNEQF,0
GLCTLVAML,ATSGPGTGDYEQY,0
KVAELVHFL,ASSQNQDMGTEAF,0
GILGFVFTL,ASSFMSTDTQY,0
GLCTLVAML,ASSQDEPYEQY,0
GILGFVFTL,ASSLRDRGYEQY,0
CLGGLLTMV,ASSIRSSYEQF,0
NLVPMVATV,ASTQPAEDGEKLF,0
NLVPMVATV,ASSLAGDSYEQY,0
GLCTLVAML,ASNSERVLPYEQY,0
SLFNTVATL,ASSIRSSYEQY,0
KTWGQYWQV,ASTFGQAPPAF,0
NLVPMVATV,ASSFYVLSSGNTIY,0
KLQCVDLHV,ASSVRSTDTQY,0
GILGFVFTL,ASSSFRLQEAF,0
GILGFVFTL,ASSPGEGPTQY,0
GILGFVFTL,SARDPVRTDTQY,0
GILGFVFTL,ASSQDVQPLNTEAF,0
KLQCVDLHV,ASSVGGEAYEQY,0
GILGFVFTL,ASSVSQGYNEQF,0
NLVPMVATV,ASSSRLSYEQY,0
GILGFVFTL,ASSLGRSTNNEQF,0
KTWGQYWQV,AWSISDLAKNIQY,0
KLQCVDLHV,ASSIVALDEQF,0
GILGFVFTL,ASHPGGSGYEQY,0
KVLEYVIKV,ASGAGGPLNEQF,0
GLCTLVAML,ASSLGGSYEQY,0
GLCTLVAML,ASSPGGLAGADTQY,0
GILGFVFTL,ASSFGADNQPQH,0
FLYALALLL,ASSPRSSQPQH,0
GLCTLVAML,ASSLQGGYNEQF,0
RMFPNAPYL,ASSIRSAYEQY,0
GILGFVFTL,SAIPGLAEEQF,0
SLLMWITQV,ASSKTSGSPYNEQF,0
RTLNAWVKV,ASSTRSGYEQY,0
MLDLQPETT,ASSYYSNQPQH,0
GLCTLVAML,ASSLGASRSTDTQY,0
GILGFVFTL,ASSSGGGPTYEQY,0
IMDQVPFSV,ASSGRSTDTQY,0
KTWGQYWQV,ASSFRSSETQY,0
LLFGYPVYV,ASSIRSTDTQY,0
RMFPNAPYL,ASSEEAGEYNEQF,0
GILGFVFTL,ASSYSIQGSSYEQY,0
IMDQVPFSV,ATSRGTETYNEQF,0
NLVPMVATV,ASSPMGRLGWTEAF,0
RTLNAWVKV,ASSIRAAETQY,0
LLFGYPVYV,ASSDRSNQPQH,0
SLLMWITQV,SAEWDRAYNEQF,0
KVLEYVIKV,ASSMGQGTYEQY,0
FLYALALLL,ASSIRSTGELF,0
NLVPMVATV,ASSPTSGGYNEQF,0
GLCTLVAML,ASSQELAGNTDTQY,0
GILGFVFTL,ASSYRETGELF,0
KVLEYVIKV,ASSSSGRDYEQY,0
GILGFVFTL,SARVMAGPGNEQF,0
KVLEYVIKV,ATGRGGKIGEQY,0
GILGFVFTL,ASSYLAESIYGYT,0
GILGFVFTL,ASRPRGGLPYEQY,0
GILGFVFTL,AWSENRGTEAF,0
GLCTLVAML,ASSTLRISLDYEQY,0
GILGFVFTL,ASSADRVNTEAF,0
GLCTLVAML,ASSVYSNQPQH,0
GILGFVFTL,ASSLSGASSYNEQF,0
SLFNTVATL,ASSLVVTSGFNEQF,0
GILGFVFTL,ASSLEAGAYEQY,0
GILGFVFTL,ASSLEGESIGNEQF,0
GILGFVFTL,ASSNPRLDATGELF,0
NLVPMVATV,ASSHWTLKDTQY,0
KTWGQYWQV,ASSMRSSDTQY,0
NLVPMVATV,ASSLIAGADTQY,0
RMFPNAPYL,SVGAGGTNEKLF,0
KVLEYVIKV,ASSLSGGINEQF,0
GLCTLVAML,ASSVRSADTQY,0
CLGGLLTMV,ASSRRSTDTQY,0
GILGFVFTL,ASSLDDSNQPQH,0
NLVPMVATV,ASSEGTSGQETQY,0
GILGFVFTL,ASNPYVGMNTEAF,0
YLLEMLWRL,ASRPGLAGGRPEQY,0
GILGFVFTL,ASSLAGQVKTEAF,0
GILGFVFTL,SVLEPGGGETQY,0
YLLEMLWRL,ASSLFGRDLGGYT,0
NLVPMVATV,ASSYSGSGELF,0
GILGFVFTL,ATQDGPGLGELF,0
GILGFVFTL,ASSWVGTGGAF,0
GILGFVFTL,ASSPDTGNTEAF,0
GLCTLVAML,ASSGRSTDTQY,0
SLFNTVATL,ASSRRSTDTQY,0
YLLEMLWRL,ASSIFGQVDAF,0
GILGFVFTL,SATLRGAPSNEKLF,0
KTWGQYWQV,ASSFLDRGPNTEAF,0
GILGFVFTL,ASSHGTSEFRGELF,0
FLYALALLL,ATSRVGADTQY,0
NLVPMVATV,ASTPHRGPSYEQY,0
KVLEYVIKV,ASSIRSGETQY,0
NLVPMVATV,ASSLAGGSYEQY,0
KVLEYVIKV,ASSTRSTGELF,0
SLLMWITQV,ASRPGLMSAEPEQY,0
IMDQVPFSV,ASSGLEGAGDTQY,0
YLLEMLWRL,ASQGVSYNSPLH,0
SLLMWITQV,ASSMRSGSEQF,0
GLCTLVAML,ASSLGPPNNQPQH,0
GILGFVFTL,ASSTTSGSLKQF,0
IMDQVPFSV,ASSFRATDTQY,0
GILGFVFTL,ASSLKGGSYNEQF,0
KLQCVDLHV,ASSQLGRGDNEQF,0
LLFGYPVYV,ASSSQGGFDGYT,0
KVLEYVIKV,SVGAGGTNEKLF,0
SLFNTVATL,ASSQEQGDIQY,0
GILGFVFTL,ASSFQGGITDTQY,0
RMFPNAPYL,ASSLGMRGGWDEQF,0
GILGFVFTL,ASSSRDRRHQETQY,0
IMDQVPFSV,ASSPPPGAVETQY,0
KVAELVHFL,ASSVYSNQPQH,0
CLGGLLTMV,ASSHRSGQPQH,0
GILGFVFTL,ASSHSSGRADEQY,0
RMFPNAPYL,ASGLRGPYERN,0
GILGFVFTL,ASSLNRGDPEAF,0
GILGFVFTL,ASSRPYNSPLH,0
YLLEMLWRL,ASSMRSGSEQF,0
RTLNAWVKV,ASSQEDWYNEQF,0
GILGFVFTL,ASSEAAENQPQH,0
GILGFVFTL,ASSFGTSGRLDEQF,0
GLCTLVAML,ASSLEAGVRTDTQY,0
GLCTLVAML,ASSFEGRVEEKLF,0
NLVPMVATV,ASSWLSNQPQH,0
GILGFVFTL,AWSFHSAYEQY,0
KVAELVHFL,ASSLAEQGGELF,0
RMFPNAPYL,ASSPEAGVSNTEAF,0
SLFNTVATL,ASSLEVGQETQY,0
GILGFVFTL,ASSLTSGGAMNEQF,0
GILGFVFTL,SARFTSETNYGYT,0
GLCTLVAML,ASSEGQGLTQY,0
GLCTLVAML,ASSPRMAGELF,0
SLFNTVATL,AIRDKMNTEAF,0
GLCTLVAML,ASSLLGKTGELF,0
KVAELVHFL,ASSIRSHDEQF,0
GILGFVFTL,ASSSAGTGLFNEQF,0
CLGGLLTMV,ASSKRSTDTQY,0
MLDLQPETT,ASSTGGTDTQY,0
FLYALALLL,ASSLSGNRQETQY,0
SLLMWITQV,ASSLSVRGSTEAF,0
GLCTLVAML,ASSQDRGSEKLF,0
KVAELVHFL,SLQGGRYNEQF,0
GILGFVFTL,ASSLMGGDEQY,0
KVAELVHFL,ASSPRSNQPQH,0
CLGGLLTMV,ASSFRATDTQY,0
KTWGQYWQV,ASSGSSGAEQY,0
GILGFVFTL,ASSLTANTEAF,0
GILGFVFTL,ASSRDRGGEQY,0
IMDQVPFSV,ASSSAGPYGYT,0
SLLMWITQV,ASSLAGGMDTEAF,0
LLFGYPVYV,ASSIRSAYEQY,0
KVAELVHFL,ASSSRSSYEQY,0
GILGFVFTL,ASSAVGGASYNEQF,0
GILGFVFTL,SVVGGFSTDTQY,0
CLGGLLTMV,ASSEGQVSPGELF,0
GLCTLVAML,ASSPTGGASNEQY,0
SLFNTVATL,ASAPDGFFYGYT,0
GLCTLVAML,ASSIRSDEKLF,0
GILGFVFTL,AISETSGGWSDTQY,0
GILGFVFTL,ASSPEGPENTIY,0
SLFNTVATL,ASSIIDRSGTEAF,0
LLFGYPVYV,ASSFSGGDYEQY,0
RTLNAWVKV,ASPSDQGAVNEQF,0
CLGGLLTMV,ASSSRSTDTQY,0
GILGFVFTL,ASSRTEPPNTEAF,0
NLVPMVATV,ASNPGGGQPQH,0
GILGFVFTL,ASSGLVVTNEKLF,0
GILGFVFTL,ASSYSETSGDTQY,0
GLCTLVAML,ASSVAGRGGNEQY,0
SLFNTVATL,ASSIRAAETQY,0
GILGFVFTL,ASSQDKSEWWETQY,0
GLCTLVAML,ASSLTSNTGELF,0
GILGFVFTL,ASSIGMGETQY,0
GILGFVFTL,ASSQDGGTNEKLF,0
GILGFVFTL,ASSPRLAGGYNEQF,0
KLQCVDLHV,ASQIQGYTEAF,0
NLVPMVATV,SASPQAGDPYEQY,0
KVAELVHFL,ASSETGATNYGYTG,0
GLCTLVAML,ASSRTDSLNTEAF,0
GILGFVFTL,ASSLKGGGVSYEQY,0
GILGFVFTL,ASSDTTGGYGYT,0
GILGFVFTL,ASVSDRVSGANVLT,0
YLLEMLWRL,SARDNLRANYGYT,0
NLVPMVATV,ASSPEGGSQETQY,0
GILGFVFTL,ASSPWGNNEQF,0
KLQCVDLHV,ASSEVQGSTYEQY,0
CLGGLLTMV,ASSIRAAYEQY,0
SLLMWITQV,ASSARAGITQY,0
KTWGQYWQV,SAREEGTQAWETQY,0
NLVPMVATV,ASSPTSGGANEQF,0
GLCTLVAML,ASSSQSGSLYGYT,0
GLCTLVAML,ASSFDVAGYEQY,0
GILGFVFTL,ARNSTGDQPQH,0
GLCTLVAML,ASSFNPVSYEQY,0
RMFPNAPYL,ASSMAGGPGNEQF,0
GLCTLVAML,ASSQVQGAPLH,0
KLQCVDLHV,ASSGRSSQPQH,0
LLFGYPVYV,ASSQGAGTFNTEAF,0
IMDQVPFSV,ASSFFLAAGYP,0
NLVPMVATV,SARDRHREWLH,0
GLCTLVAML,ASAPDGFFYGYT,0
YLLEMLWRL,ASSIRSAYEQF,0
NLVPMVATV,ASSQGGGTGNEQF,0
RMFPNAPYL,SAWDREVVGTEAF,0
NLVPMVATV,ASSSQTGKNTEAF,0
GILGFVFTL,ASSYGREPNEQF,0
FLYALALLL,ASSFKDNGETQY,0
NLVPMVATV,ASSLSREGEKLF,0
GILGFVFTL,SVQGGLYNEQF,0
GILGFVFTL,SASPGSPTLNYGYT,0
GILGFVFTL,ASSLTSVYNEQF,0
GILGFVFTL,ATKVVGLETQY,0
GILGFVFTL,ASSSYRGSDYGYT,0
YLLEMLWRL,SGGQGMVDGYT,0
GLCTLVAML,ASSQTAGNSYEQY,0
KLQCVDLHV,ASSYAYDGSYEQY,0
GILGFVFTL,ASSPERGGRTDTQY,0
KLQCVDLHV,ASSMRSSYEQY,0
FLYALALLL,ASSLADPLPSGQY,0
GLCTLVAML,ASSLSVRQGAGEQY,0
GILGFVFTL,ATTDKNTGELF,0
GILGFVFTL,ASSYEGDGNSPLH,0
GILGFVFTL,ASSARDNQPQH,0
CLGGLLTMV,ASSIMALGRSEAF,0
KVAELVHFL,ASSIRSDEKLF,0
GLCTLVAML,ASSPGTPTYGYT,0
YLLEMLWRL,ASSPSTGVTFYGYT,0
GILGFVFTL,ASSAPPGQETQY,0
NLVPMVATV,ASGMTGLTSEQY,0
YLLEMLWRL,ASSYVGNTGELF,0
RMFPNAPYL,ASSEESYLMNTEAF,0
KVAELVHFL,ASSQSPGGTQY,0
RMFPNAPYL,ASSTTGGSGYT,0
GILGFVFTL,ASITTGYNEQF,0
SLFNTVATL,ASSGRSTGELF,0
LLFGYPVYV,ASSDAENTEAF,0
GILGFVFTL,ASSQEWLGELF,0
KLQCVDLHV,ASSHQGPPTDGYT,0
NLVPMVATV,SARDRVGNTIY,0
IMDQVPFSV,ASSTRASYEQY,0
NLVPMVATV,ASSIRASYEQY,0
KVAELVHFL,ASSPVTGTGTYGYT,0
IMDQVPFSV,ASSIRSLDEQF,0
GLCTLVAML,ASSTGTLYGYT,0
GILGFVFTL,ASSTAWTSGSYEQF,0
IMDQVPFSV,ASSQEWGINEKLF,0
GILGFVFTL,ASTPEVGGEAF,0
LLFGYPVYV,ASSQERGDAGELF,0
GLCTLVAML,ASSMRGSDTQY,0
GILGFVFTL,ASSQERGQETQY,0
GILGFVFTL,APGEALQGRGETQY,0
GILGFVFTL,ASSPYQGTYEQY,0
GILGFVFTL,ASSQRQPNSPLH,0
IMDQVPFSV,ASSTRSDSPLH,0
GILGFVFTL,ATSAAGTDPNEQF,0
KLQCVDLHV,ASSTRSGQPQH,0
GILGFVFTL,ASSLVERPNYGYT,0
GILGFVFTL,ASSSRDRNNEQF,0
GILGFVFTL,SAQTEEIYGYT,0
GLCTLVAML,ASSLLGTGRGYT,0
GILGFVFTL,ASSYPPDSWNQPQH,0
GLCTLVAML,ASSTRPSYEQY,0
GILGFVFTL,ASSDGGATDTQY,0
RTLNAWVKV,ASSVAGGDEQF,0
KVAELVHFL,ASSIRSSDTQY,0
NLVPMVATV,ASSPGLAVQETQY,0
LLFGYPVYV,ASSQSPGGTQY,0
GILGFVFTL,AWSDRAPYNEQF,0
GILGFVFTL,ASSPPGQETQY,0
GILGFVFTL,SAKTAPADTQY,0
CLGGLLTMV,ASSIRSNQPQH,0
KTWGQYWQV,ASSDRSGNTIY,0
GILGFVFTL,ASSQVPSSSYEQY,0
KVLEYVIKV,ASGMTGLTSEQY,0
GILGFVFTL,ASSLTGAVTEAF,0
GILGFVFTL,ASMDRWGNQPQH,0
LLFGYPVYV,ASSLRSSYEQY,0
GILGFVFTL,ASSPGQGAYEQY,0
GILGFVFTL,ASSESTSGYNEQF,0
GLCTLVAML,ASSQVQGDYGYT,0
GLCTLVAML,ASSPRGGTEAF,0
NLVPMVATV,ASSSPSGRPPLTQY,0
NLVPMVATV,ASSWRSTDTQY,0
MLDLQPETT,ASSMRAGETQY,0
GILGFVFTL,ASSLSGLTNQETQY,0
IMDQVPFSV,ASSPRPDKEAF,0
FLYALALLL,ASSLYSNQPQH,0
GILGFVFTL,ASSHTGESTDTQY,0
GILGFVFTL,ASSFKGSQPQH,0
GILGFVFTL,ASSPGGGPYEQY,0
FLYALALLL,SARSGVEHNEQF,0
KVAELVHFL,ASSIFYSSTDTQY,0
GILGFVFTL,ASSQAEGQASYEQY,0
SLFNTVATL,ASSIRSSYEQF,0
GILGFVFTL,ASSAGQWGNYEQY,0
SLFNTVATL,AWSVSDLAKNIQY,0
KLQCVDLHV,ASSTQGSQPQH,0
RMFPNAPYL,SVRDRVGNTIY,0
KVLEYVIKV,ASSFTLGTGGVEQY,0
CLGGLLTMV,ASSQRSTGELF,0
GILGFVFTL,ASSRGGEETQY,0
GILGFVFTL,ARRAQGNTEAF,0
SLLMWITQV,ASSIRATYEQY,0
GILGFVFTL,ASSYWGTSYEQY,0
GILGFVFTL,ASSLGAFENEQF,0
IMDQVPFSV,ASRKNRDPSNQPQH,0
MLDLQPETT,ASSYRVDSNQPQH,0
GLCTLVAML,ASSDGWGTSTDTQY,0
GILGFVFTL,ASSWDRDYNEQY,0
GILGFVFTL,ASSLSYGYRTDTQY,0
MLDLQPETT,SARDRHREWLH,0
GILGFVFTL,ASSPIRTAKNIQY,0
GLCTLVAML,ASSLLAGGTYEQY,0
GILGFVFTL,SASHGTGGPAQY,0
NLVPMVATV,AISEQGAPEAF,0
YLLEMLWRL,ASRLHPGHMSYT,0
GILGFVFTL,ASSLGGGSYNEQF,0
KVLEYVIKV,ASSTGTLYGYT,0
GILGFVFTL,ASSSGGSSYEQY,0
KVLEYVIKV,ASSARSSSEQY,0
FLYALALLL,ATSEKLAVSTDTQY,0
GILGFVFTL,ASSQDETSPYNEQF,0
GILGFVFTL,ASSLVLGTYEQY,0
KTWGQYWQV,ASTVFQGGGQPQH,0
GILGFVFTL,ASSLAAASSYNEQF,0
KTWGQYWQV,ASSMRAGVEQF,0
IMDQVPFSV,ASSGPGGVDEQY,0
YLLEMLWRL,ASSVYSGGYNEQF,0
LLFGYPVYV,ASSIRSEYEQY,0
KVAELVHFL,ASSSRSANEQF,0
FLYALALLL,ASSTRSTDTQY,0
RTLNAWVKV,ASSPPEGSYNEQF,0
GILGFVFTL,ASSWGGPNTEAF,0
SLFNTVATL,SAPPDSLNTEAF,0
NLVPMVATV,ASKVSGGGQETQY,0
GILGFVFTL,ASSRRGRITDTQY,0
RMFPNAPYL,ASSTRSAAPLH,0
GILGFVFTL,ASRDTGYNSPLH,0
FLYALALLL,ASSYSTGAGETQY,0
KLQCVDLHV,ASRPGLMSAQPEQY,0
MLDLQPETT,ASTHLRSGGVYEQY,0
GILGFVFTL,ASSWDSRETQY,0
GILGFVFTL,ASSREGALDTQY,0
GILGFVFTL,ATGYRFNQPQH,0
GILGFVFTL,SASPEDLVQETQY,0
SLLMWITQV,ASSPKLQGAWAEKL,0
GILGFVFTL,ASSLFQNSNYGYT,0
NLVPMVATV,ASSQGRMNTEAF,0
GILGFVFTL,ASSLTGGSYEQY,0
GILGFVFTL,ASSRQGILYNEQF,0
GLCTLVAML,ASSSRSSYEQY,0
GILGFVFTL,ASSPSSSYEQY,0
GLCTLVAML,ASSTHGGGNTEAF,0
GILGFVFTL,ASSRQGSYEQY,0
KVLEYVIKV,SARTGVGNTIY,0
GLCTLVAML,ASSESTLSLTEAF,0
LLFGYPVYV,ASSLKIAKTKNIQY,0
KLQCVDLHV,ASGRLSYNEQF,0
LLFGYPVYV,ASSIFTIEPQH,0
KLQCVDLHV,ASSARSTGELF,0
GLCTLVAML,ATSDRRGTTYEQY,0
RMFPNAPYL,ASSIRSTYEQY,0
GILGFVFTL,SAYRDSYNEQF,0
CLGGLLTMV,AASGRASETQY,0
GILGFVFTL,ASSQLGTPADTQY,0
KVAELVHFL,ASSARSTGELF,0
GILGFVFTL,ASSPSGGASTDTQY,0
GILGFVFTL,ASSFPVWGNEQF,0
GLCTLVAML,ASSLDIANEQF,0
LLFGYPVYV,ASSIRSSNEQF,0
IMDQVPFSV,ASSWVSLDTQY,0
IMDQVPFSV,ASSSRASYEQY,0
FLYALALLL,ASSYYSNQPQH,0
GILGFVFTL,ASSLGWRDTEAF,0
GILGFVFTL,ASSDPTGGRTEAF,0
NLVPMVATV,ASSAKGGYSEAF,0
GILGFVFTL,ASSPSQGVDEKLF,0
GILGFVFTL,ASSYWGLGEKLF,0
CLGGLLTMV,ASSTSEGGLFYEQY,0
GLCTLVAML,ASSTSGGGTEAF,0
GLCTLVAML,ASSTSDRGNTEAF,0
GILGFVFTL,ASSFHRAYEQY,0
NLVPMVATV,ASSLSGTGINEQY,0
GILGFVFTL,SARQDGDTEAF,0
GILGFVFTL,ASSLDFSYEQY,0
MLDLQPETT,ASSPRSGVEQF,0
GILGFVFTL,ASSSTSEDYEQY,0
FLYALALLL,ASSPERGLADTQY,0
KVAELVHFL,ASSIRASNEQF,0
YLLEMLWRL,ASSIFASGNTQY,0
GILGFVFTL,ASSWGTGNYEQY,0
GILGFVFTL,ASSLGGGGADFEQF,0
KVLEYVIKV,ASSLTVLYGYT,0
GILGFVFTL,AISDLGQGVIETQY,0
GILGFVFTL,ASSTGSGNQPQH,0
GILGFVFTL,ASSYVSQETQY,0
SLFNTVATL,ATTPGGSLSGYT,0
CLGGLLTMV,ASSISSINEQF,0
RMFPNAPYL,ASSSRASYEQY,0
GILGFVFTL,SARDDGVNTEAF,0
RMFPNAPYL,ASSLAPGATNEKLF,0
MLDLQPETT,ASSVARTSNEQY,0
MLDLQPETT,ASSQSPGGTQY,0
GLCTLVAML,ASSPQDSPTDTQY,0
GILGFVFTL,ASSGGGPPPNQF,0
GILGFVFTL,ASSITGTQETQY,0
GILGFVFTL,ASFFAGGSTDTQY,0
GILGFVFTL,ATKTGNSYEQY,0
GILGFVFTL,SVEGFGSGELF,0
NLVPMVATV,ASSASGTSGAQKY,0
NLVPMVATV,ASSSRSSYEQY,0
KVAELVHFL,ASSGRSGIEQY,0
FLYALALLL,ASSEKIASGNEQF,0
GILGFVFTL,SARTTGMANSPLH,0
KVAELVHFL,ASSPGTSSIYEQY,0
GILGFVFTL,ASSLPSTGILGQY,0
SLLMWITQV,ASSIRASVEQY,0
RTLNAWVKV,ASLRAGGYTEAF,0
GLCTLVAML,ASSGRSAGELF,0
CLGGLLTMV,ACPGPLTYEQY,0
GILGFVFTL,ASSISAGDSYEQY,0
KVLEYVIKV,ASRPGLMSARPEQY,0
GILGFVFTL,ASSSGQATEAF,0
NLVPMVATV,ASSTPRVHGYT,0
NLVPMVATV,ASNLRGLYNEQF,0
GLCTLVAML,ASKVWGLDSYGYT,0
GILGFVFTL,ASSLVGAGENQPQH,0
GLCTLVAML,ASSPYHTNEQF,0
GILGFVFTL,ASSLIRTGNQPQH,0
MLDLQPETT,ASSIRSDTEAF,0
GILGFVFTL,ASSTAGQETQY,0
GILGFVFTL,ASSYSGTSHPWELF,0
GILGFVFTL,ASSLVPSTSGNTIY,0
KVAELVHFL,ASSPASGNEQY,0
MLDLQPETT,ASSTRAADTQY,0
GILGFVFTL,ASSLSGEPRDEQY,0
KLQCVDLHV,ASSTSHVGTEAF,0
GILGFVFTL,ASSTYRDPPTEAF,0
GLCTLVAML,ASSEGLRTDTQY,0
GILGFVFTL,ASGLFVVGTYGYT,0
GILGFVFTL,ASSLTRGSPSPLH,0
GILGFVFTL,ASSRSRGLEHYEQY,0
GILGFVFTL,SVAGTGNTEAF,0
GILGFVFTL,SARDSYSSYNSPLH,0
MLDLQPETT,ASSVYSNQPQH,0
CLGGLLTMV,ASSVRSGETQY,0
RTLNAWVKV,ASSPGDFMGDEQY,0
SLLMWITQV,ASSSGRLTNTEAF,0
GILGFVFTL,ASSIDGPNYNEQF,0
KVAELVHFL,ASSPWTGTLNTEAF,0
FLYALALLL,ASSWRSTDTQY,0
LLFGYPVYV,ASSETAAGTDTQY,0
LLFGYPVYV,ASSYATEVAGETQY,0
KTWGQYWQV,ASGMTGLTSEQY,0
KTWGQYWQV,ASSIRSGYEQY,0
NLVPMVATV,ASSIRSGYEQF,0
CLGGLLTMV,ASSLNRGDPEAF,0
GILGFVFTL,SASGRDTDYEQY,0
GILGFVFTL,ASSPSGGGTEAF,0
LLFGYPVYV,ASSQTGAEELF,0
GLCTLVAML,ATSRDLAEVNTEAF,0
GILGFVFTL,ASSFDRLAGYT,0
GILGFVFTL,ASSLGRVPGDTQY,0
GILGFVFTL,SARKRGWSENTEAF,0
GILGFVFTL,ASGLAAASYEQY,0
GILGFVFTL,ASSIAILVNEKLF,0
GILGFVFTL,ASSPGQGGNYGYT,0
KVLEYVIKV,ASSLERSTDTQY,0
GILGFVFTL,ASSLLVSEGYT,0
GLCTLVAML,ASSLGFSPHYEQY,0
RMFPNAPYL,ASSPRDRERGEQY,0
SLLMWITQV,ASSTFGANVLT,0
GILGFVFTL,ASSSRQSSTDTQY,0
GILGFVFTL,ATSRDEEAKNIQY,0
GLCTLVAML,SGGQGMVDGYT,0
GILGFVFTL,ASSSEGTDNQPQH,0
CLGGLLTMV,ASSFRSSEKLF,0
RTLNAWVKV,ASSTSHVGTEAF,0
YLLEMLWRL,ASSSQGGFDGYT,0
RTLNAWVKV,ASSPRSGSTEAF,0
SLFNTVATL,ASSVGGRTGELF,0
CLGGLLTMV,ASSTHPGNEQY,0
RMFPNAPYL,ASSTYSNQPQH,0
GILGFVFTL,SARDGRGAVYNEQF,0
GILGFVFTL,ASSLGGQANTGELF,0
GILGFVFTL,ASSLTAAEWTQY,0
NLVPMVATV,ASSWGDSANTGELF,0
GLCTLVAML,ASSQLGREEAF,0
GLCTLVAML,AGSVTGALGTEAF,0
GILGFVFTL,ASRQSGVRTDTQY,0
KVLEYVIKV,ASSWVVPPNEQF,0
GILGFVFTL,SARLSVGYEQF,0
GLCTLVAML,ASSPRSSQPQH,0
MLDLQPETT,ASSTLAGGQETQY,0
SLFNTVATL,ASREGHLEGQPQH,0
GILGFVFTL,ASSLRTGEVTEAF,0
GILGFVFTL,ASSLAVGGGEQY,0
GILGFVFTL,ANDAPPHSTDTQY,0
GILGFVFTL,SSPGGPNEKLF,0
KVAELVHFL,ASSLGTLAKNIQY,0
GILGFVFTL,ASSLSLHGNQPQH,0
FLYALALLL,SARPQPVGNTIY,0
CLGGLLTMV,ASSMRSDEKLF,0
GILGFVFTL,AWSLTHYNEQF,0
KVLEYVIKV,ASSSRAGGEQY,0
SLLMWITQV,ASSVRSADTQY,0
GILGFVFTL,SARDPPSDVGTQY,0
GILGFVFTL,ASKKLAGDSYEQY,0
GILGFVFTL,ASSYRDRHTDTQY,0
GLCTLVAML,ASSMRSAYEQY,0
FLYALALLL,ASSKRSSDTQY,0
GILGFVFTL,ASRRLAGGPEDTQY,0
KTWGQYWQV,ASSIYSTPDQPQH,0
GILGFVFTL,ASSLWTGTGHTEAF,0
MLDLQPETT,ASSIHGAETQY,0
SLLMWITQV,ASSDRSGTEQY,0
GILGFVFTL,ASSYRSRVGEQY,0
KVAELVHFL,ASSIRSTDTQY,0
LLFGYPVYV,ASSTKVGGTGELF,0
KVAELVHFL,ASSLPGTGGSPLH,0
NLVPMVATV,ASSSRSAGELF,0
NLVPMVATV,ASSYRSTDTQY,0
NLVPMVATV,ASSLSLGNEQY,0
GILGFVFTL,ASSPPRGGYSPLH,0
GILGFVFTL,ASSVARTSNEQY,0
GILGFVFTL,ASRTTGANEAF,0
NLVPMVATV,ASSRLAGANTDTQY,0
SLFNTVATL,SARVRGDVYGYT,0
GILGFVFTL,ASRGTGDGANVLT,0
KVAELVHFL,ASSDSSGGLYNEQF,0
GILGFVFTL,ASSQMALRADDGYT,0
KTWGQYWQV,ASSVRSGWQPQH,0
RTLNAWVKV,ASSPTSGSVYEQF,0
GILGFVFTL,ASSQEEGADTEAF,0
MLDLQPETT,ASSIRGANQPQH,0
GILGFVFTL,ASSPAGSSYEQY,0
RMFPNAPYL,ASSFLQVTEAF,0
LLFGYPVYV,ATTGAGVHEQY,0
NLVPMVATV,ASSPREQQNTEAF,0
GILGFVFTL,ASMPAGYTGELF,0
NLVPMVATV,AWEPGSYSDTQY,0
IMDQVPFSV,SARWGVGNTIY,0
SLLMWITQV,ASTSRGVSKVF,0
RTLNAWVKV,ASSLSVRGSTEAF,0
GILGFVFTL,ATSRDRGRQETQY,0
GILGFVFTL,ASSQEVAGRYGYT,0
FLYALALLL,ASSIRSQVEQF,0
GILGFVFTL,ASSLTSGRFDEQY,0
GILGFVFTL,ASSDSTSGGDEQF,0
GILGFVFTL,ASSTLTGANGYT,0
LLFGYPVYV,ASSGLAGLNEQF,0
GILGFVFTL,ASSDRDYLIHEQF,0
GILGFVFTL,ASSFNGQGDTEAF,0
GILGFVFTL,ASSYAVPGELF,0
GILGFVFTL,ASSLGQGAGTEAF,0
GILGFVFTL,ASSVGTGDHQPQH,0
GILGFVFTL,ASYPVPGLKTQY,0
GILGFVFTL,ASSDSRDRVNNEQF,0
GILGFVFTL,ASSTEGGVYGYT,0
NLVPMVATV,ASSQTSGGRETQY,0
RTLNAWVKV,ASSPGPGGLQPQH,0
GILGFVFTL,ASSYSASSGNTIY,0
NLVPMVATV,ASSSQGLTEAF,0
IMDQVPFSV,ASSQDRVRETQY,0
GILGFVFTL,ASSPTANTGELF,0
GILGFVFTL,ASTQQGYSYNEQF,0
SLFNTVATL,ASSEVVSTTYEQY,0
GLCTLVAML,ASSLGTGHNEQF,0
GILGFVFTL,ASSPLGQISGNTIY,0
RMFPNAPYL,ASSQSTGQPQH,0
NLVPMVATV,ATSGGGSRPQH,0
KVLEYVIKV,AVLVDPYNEQF,0
GILGFVFTL,ASSQALAGNNEQF,0
GILGFVFTL,SAEGAYEETQY,0
GILGFVFTL,ASSQDNTETQY,0
RTLNAWVKV,ASSDSGTSAPYEQY,0
LLFGYPVYV,ATSRDLAEVNTEAF,0
GILGFVFTL,ASSAGSSYEQY,0
RTLNAWVKV,ASSQVHLGIYEQY,0
GLCTLVAML,ASSLGSLSYEQY,0
GILGFVFTL,ASSLGTSGRRNEQF,0
GILGFVFTL,ASSEGQSNSPLH,0
GLCTLVAML,ASGLGALGTDTQY,0
GILGFVFTL,ASRQRTNTEAF,0
RMFPNAPYL,ASSLIFPSGEQY,0
MLDLQPETT,ASSQDPSRTYEQY,0
NLVPMVATV,ASSISSGSYNEQF,0
GILGFVFTL,ASSDRVNKIHYGYT,0
GILGFVFTL,ASRDSLLSYNEQF,0
NLVPMVATV,ASSLAGGNQPQH,0
GILGFVFTL,ASSSGASGANVLT,0
GILGFVFTL,SAGTSTGDYYGYT,0
YLLEMLWRL,ASSLLAHTGELF,0
GILGFVFTL,ASSFQGYTEAFFG,0
GILGFVFTL,ASSSSGTGGNQPQH,0
GILGFVFTL,ASSYSAVYGYT,0
LLFGYPVYV,ASSSWGGFGKNIQY,0
CLGGLLTMV,ASSLLGGAGTDTQY,0
GILGFVFTL,ASSLGRADYGYT,0
NLVPMVATV,ASSIISVDTQY,0
GILGFVFTL,ASSGGTGPRYGYT,0
KLQCVDLHV,ASSIRSADTQY,0
GILGFVFTL,ASSMTGPAEAF,0
SLFNTVATL,ASSLAGDSYEQY,0
KTWGQYWQV,ASSARSAETQY,0
GILGFVFTL,ASSLGGQFNYGYT,0
GLCTLVAML,ASSTPGTHPLGYT,0
GILGFVFTL,ASSAWSQGGNNEQF,0
SLFNTVATL,ASSIRGSGEQY,0
GILGFVFTL,ASSVGRSSYEQY,0
FLYALALLL,ASSQTQLWETQY,0
CLGGLLTMV,ASSERDRGYEQY,0
LLFGYPVYV,ASTVFQGGGQPQH,0
KLQCVDLHV,SVGSAGTNEKLF,0
NLVPMVATV,ASSGGQGSHEQY,0
YLLEMLWRL,ASSSRSGWEQY,0
KVAELVHFL,ASSYPEVAPSEQF,0
KVAELVHFL,ASSISSGSYNEQF,0
NLVPMVATV,ASSSCRGEGEKLF,0
RTLNAWVKV,ASSSFGGRELF,0
SLLMWITQV,ASSLRVSYNEQF,0
KVLEYVIKV,ASSTRSTYEQY,0
KVAELVHFL,ASSYRSSYEQY,0
GILGFVFTL,ASSAGTGEVTGELF,0
GILGFVFTL,ASRPGQMTYEQY,0
FLYALALLL,ASSLGFTDTQY,0
NLVPMVATV,SASPGEAMNTEAF,0
KTWGQYWQV,ASSWGGGSHYGYT,0
RTLNAWVKV,ASSTKEGGTGELF,0
NLVPMVATV,ASSSGTNQPQH,0
GILGFVFTL,ASSYLLGYEQY,0
GILGFVFTL,ASSAVTGADQPQH,0
GILGFVFTL,SVEAVGDGIYNEQF,0
NLVPMVATV,SATGQGNTEAF,0
GILGFVFTL,ASSLPQNTEAF,0
GILGFVFTL,ASSYSFRDADPEAF,0
GILGFVFTL,ASSQFGPTDTQY,0
YLLEMLWRL,ASSLFVGGPGNEQF,0
NLVPMVATV,ASSARTGADTQY,0
NLVPMVATV,ASSLVPGTGADTQY,0
NLVPMVATV,ASGPYDRADTEAF,0
GILGFVFTL,ASSETSGPSYEQY,0
LLFGYPVYV,ASSPSLAGYGNEQF,0
CLGGLLTMV,ATTRGPKLNEKLF,0
GILGFVFTL,ASSSIRLAGLYEQY,0
GILGFVFTL,ASSSDSDSYEQY,0
GILGFVFTL,ASSTGLAGVAEQF,0
GILGFVFTL,ASKPPGSSSYEQY,0
YLLEMLWRL,ASSSAHYGYTFG,0
IMDQVPFSV,ASRVDRLPSNEKLF,0
GILGFVFTL,ASSDRGGGGYT,0
GILGFVFTL,ASTGTSGALYNEQF,0
CLGGLLTMV,ASSSQSNQPQH,0
KTWGQYWQV,ASSLANSYNEQF,0
GILGFVFTL,ASSPTSGGAQETQY,0
NLVPMVATV,ASSDLGSSTDTQY,0
MLDLQPETT,SVEDPGPRIGETQY,0
GILGFVFTL,ASSPSSRDYEQY,0
RMFPNAPYL,ASSSLGAREQF,0
NLVPMVATV,SVEGGQISEAF,0
GILGFVFTL,ASSGTASGAKNIQY,0
RTLNAWVKV,AIRDKMNTEAF,0
RTLNAWVKV,ASSTPDSRETQY,0
GILGFVFTL,ASSPSGASEKLF,0
GILGFVFTL,ASSGGRVSGNTIY,0
SLLMWITQV,ASSTRSGTEAF,0
MLDLQPETT,ASSMVGGSYNEQF,0
GILGFVFTL,ASSQRGGDTQY,0
RTLNAWVKV,ASSLEGYTEAFFG,0
MLDLQPETT,ASSKFSINEQF,0
GILGFVFTL,ASSSWTTRKETQY,0
GILGFVFTL,ASSGLAGANVLT,0
GILGFVFTL,ASSYWGTNYGYT,0
KVAELVHFL,ASRPPPAGQKETQY,0
NLVPMVATV,ASSLGDFLRTDTQY,0
LLFGYPVYV,ASGPLLLMTNEQF,0
GILGFVFTL,ASSPLGAEGGDEQY,0
GILGFVFTL,ATTRGPKLNEKLF,0
GILGFVFTL,ASSQGTGATGELF,0
GILGFVFTL,AWSVAGARWNEQF,0
IMDQVPFSV,AWSSRGQMTDTQ,0
SLLMWITQV,ASSPGLVSSGELF,0
GILGFVFTL,ASSFGGGYYGYT,0
GILGFVFTL,ASSPRSNSNEKLF,0
YLLEMLWRL,ASSIRGSGEQY,0
GILGFVFTL,ASSPLRLGWNEQF,0
KTWGQYWQV,ASSSRQGAANEKLF,0
GILGFVFTL,SAPRGTNEKLF,0
GLCTLVAML,ASSPIRGGDNEQF,0
GILGFVFTL,ASSLLGESPYEQY,0
GILGFVFTL,ASSQDRGQASQY,0
GILGFVFTL,ASTALDRNLNTEAF,0
GILGFVFTL,ASSTGLTHNEQF,0
GILGFVFTL,ASSLVRGGNQPQH,0
GILGFVFTL,ASSQLAGVFPGELF,0
GILGFVFTL,ASSSDSLNMNTEAF,0
MLDLQPETT,ASSQEGGDGEKLF,0
RMFPNAPYL,ASSVTPSSYNEQF,0
GILGFVFTL,ASSSLRGGYEQY,0
NLVPMVATV,ASSMRSAYEQY,0
GILGFVFTL,ASSQESGSRGAF,0
GILGFVFTL,ASSPGAGLSYEQY,0
GILGFVFTL,ASSPPEGETQY,0
YLLEMLWRL,ASSVRTGYTEAF,0
GILGFVFTL,SARTWIADTQY,0
NLVPMVATV,ASSYSPDYNSPLH,0
GILGFVFTL,ASGLGPGNTEAF,0
SLLMWITQV,ASSSRASYEQY,0
IMDQVPFSV,ASSIIALDTQY,0
SLFNTVATL,ASGMTGLTSEQY,0
NLVPMVATV,ASSGTGYYEQY,0
GILGFVFTL,ASSLYRGNTGELF,0
GLCTLVAML,ASSPLAGAAIHTQY,0
CLGGLLTMV,ASRDFSGYNEQF,0
YLLEMLWRL,SARDRVGNGHT,0
GILGFVFTL,ASSQGTYQETQY,0
GLCTLVAML,ASSFPGTPSGAF,0
KLQCVDLHV,ASSPGTGPNQPQH,0
GILGFVFTL,ASSPVQGPETQY,0
GLCTLVAML,ASSLHPGQGHF,0
SLFNTVATL,ASSQDWGQPNTEAF,0
GILGFVFTL,ASRDMTSYEQY,0
GILGFVFTL,ASSVLAPYEQY,0
GILGFVFTL,ATSRELSTSRFEQF,0
GILGFVFTL,ASSQYRGGRTEAF,0
GILGFVFTL,ASSPTDSANSPLH,0
KTWGQYWQV,ASSADSLSGANVLT,0
GILGFVFTL,ASSQVPAVDYGYT,0
GILGFVFTL,ASSLFPEASTDTQY,0
GILGFVFTL,ASSPPQATDTQY,0
GLCTLVAML,SAMGTENYGYT,0
GLCTLVAML,ASSQYGNQPQH,0
GILGFVFTL,ASSLGRGLRNQPQH,0
NLVPMVATV,ASSPSAGGGETQY,0
KTWGQYWQV,ASSQSTGQPQH,0
GILGFVFTL,ASSLSPSLAEQY,0
LLFGYPVYV,ASSFSGTADEAF,0
KVLEYVIKV,ASSTGGTDTQY,0
GILGFVFTL,ASSLEGGNEQF,0
CLGGLLTMV,SVGSAGTNEKLF,0
GILGFVFTL,ASSGIGLDNYGYT,0
KLQCVDLHV,ASSTHSGNQPQH,0
KVLEYVIKV,SANSDRVSYNEQF,0
GILGFVFTL,ASSIGTTSTDTQY,0
NLVPMVATV,ASSPGGGGVYGYT,0
YLLEMLWRL,ASSIHSNQPQH,0
GILGFVFTL,ATGPSGHYEQY,0
LLFGYPVYV,ASSQLGRGDNEQF,0
GILGFVFTL,ASSVFEANTDTQY,0
SLLMWITQV,ASSIRSNTEAF,0
GILGFVFTL,ASSQTSGAPTDTQY,0
GLCTLVAML,SARGTSGGPYEQY,0
NLVPMVATV,ASSLYRQSTDTQY,0
GILGFVFTL,ASSLGSGTYEQY,0
GILGFVFTL,ASSYGTANSEQY,0
GILGFVFTL,ASSLGVNQPQH,0
GILGFVFTL,ASLWEAPRKETQY,0
GILGFVFTL,ATGLALSNEQF,0
LLFGYPVYV,ASSIRSSTEAF,0
FLYALALLL,ASSGGQLAPGELF,0
CLGGLLTMV,ASSVRHGTEAF,0
LLFGYPVYV,ASKEVAGAQETQY,0
MLDLQPETT,ASSINSNQPQH,0
GILGFVFTL,ASSLVGTKRETQY,0
GILGFVFTL,ASSPGLAGAQETQY,0
GILGFVFTL,ASSRGQFSTEAF,0
KVAELVHFL,SARDGTGNGYT,0
GILGFVFTL,ASHPLGEAGDNEQF,0
GILGFVFTL,ASSEYGGRHEQY,0
GILGFVFTL,ASSIAYGQQETQY,0
GILGFVFTL,ASSPGRANYGYT,0
GLCTLVAML,ASSPRRGDQETQY,0
KVAELVHFL,SATTESNQPQH,0
RTLNAWVKV,ASSDRSNTEAF,0
GLCTLVAML,ASAFYSNQPQH,0
KTWGQYWQV,SARDRHREWLH,0
NLVPMVATV,ASSFGGTNEKLF,0
SLLMWITQV,ASSPRGGTADTQY,0
GILGFVFTL,SARGPELYEAF,0
GILGFVFTL,ASSATSGETYEQY,0
NLVPMVATV,SVGSGGTNEKLF,0
GILGFVFTL,ASTSPKTGVYNEQF,0
GILGFVFTL,ASSAGQGPYEQY,0
KLQCVDLHV,ASSVDGDTSTDTQY,0
GLCTLVAML,RGGQGAAGTQY,0
GILGFVFTL,AIAGTSGNTPY,0
GILGFVFTL,ASSFSGGSYNEQF,0
GILGFVFTL,ASFGTSSPGELF,0
GLCTLVAML,ASSFSGGNTDTQY,0
YLLEMLWRL,ASSSWDRDEGKLF,0
KTWGQYWQV,ASSSFSANEKLF,0
YLLEMLWRL,ASSVDVSPRTDGYT,0
GILGFVFTL,ASSPGTDPLVETQY,0
YLLEMLWRL,SAEEETTSEQY,0
YLLEMLWRL,ASSMAGGPGNEQF,0
LLFGYPVYV,SVGSGGTNEKLF,0
GLCTLVAML,AWSTGISYEQY,0
FLYALALLL,ATSDISITEAF,0
RTLNAWVKV,ASSLGQGVAEQY,0
GILGFVFTL,ASSLTGGDGYT,0
GILGFVFTL,SARDLQGPDYGYT,0
GILGFVFTL,ASSSGDGYNSPLH,0
NLVPMVATV,ASRPGLMSARPEQY,0
KVAELVHFL,ASSLGQGRETQY,0
LLFGYPVYV,AISGAARDTQY,0
GILGFVFTL,ASSLRGQGYEQY,0
CLGGLLTMV,ASSIYSTPDQPQH,0
GILGFVFTL,AWDGPYNYGYT,0
KVLEYVIKV,ASSTDRRNTEAF,0
GILGFVFTL,ASSSSGGGYEQY,0
FLYALALLL,ASSSRDGGTDTQY,0
GILGFVFTL,ASSRLATTDTQY,0
GLCTLVAML,ARGGGGSYERY,0
SLLMWITQV,ASSIRSAYEQF,0
FLYALALLL,SARDGNREWLH,0
GILGFVFTL,ASSLAASAGVETQY,0
GILGFVFTL,SASKRLLNEQF,0
NLVPMVATV,ASSRTDSLNTEAF,0
GILGFVFTL,ASRPSLGNEQF,0
GILGFVFTL,ASSSGPPTYNEQF,0
GILGFVFTL,ASSLLRGEETQY,0
SLFNTVATL,ASSPITGTGAYGYT,0
GILGFVFTL,ASIGPGKNIQY,0
IMDQVPFSV,ASSIHGLETQY,0
GILGFVFTL,ASSVPGDTEAF,0
GILGFVFTL,ASSPFFGSYEQY,0
GILGFVFTL,ASSPQGLDTEAF,0
GILGFVFTL,ASSVGYGGGEQY,0
GILGFVFTL,ASSEVGRENLDTQY,0
GLCTLVAML,ASSLEGQSSYEQY,0
GLCTLVAML,ASSLGTGDGYT,0
IMDQVPFSV,ASSFLTGNTEAF,0
GILGFVFTL,ASSQGQGSYFEQF,0
NLVPMVATV,ASSFGSDYNEQF,0
CLGGLLTMV,ASSTRAADTQY,0
IMDQVPFSV,ASRETGTQPQH,0
GILGFVFTL,AISERSANTGELF,0
GILGFVFTL,ASNPGEVETQY,0
RTLNAWVKV,ASSIRSSLEQY,0
SLLMWITQV,ASSLLGGWSEAF,0
SLFNTVATL,ASSSDRGGYNEQF,0
MLDLQPETT,SGREDSTNEKLF,0
GLCTLVAML,ASSLAGGLTDTQY,0
GILGFVFTL,ASSAHRETGELF,0
GLCTLVAML,ASKGLGVYNEQF,0
RMFPNAPYL,ASSTYSTDTQY,0
RMFPNAPYL,SARSGVGNTIY,0
RMFPNAPYL,ASSDAENTEAF,0
RTLNAWVKV,ASSGISTDTQY,0
GLCTLVAML,ASSLEGKSYNEQF,0
GILGFVFTL,ASARASMNTEAF,0
GLCTLVAML,ASSQVGGRETQY,0
GILGFVFTL,ASGLSHYNEQF,0
GILGFVFTL,ASSLDERGGTDTQY,0
KVAELVHFL,ASSKRSSDTQY,0
FLYALALLL,ASSMRSTDTQY,0
GILGFVFTL,ASSLAGSYEQY,0
GILGFVFTL,ASSTRDRAPTGELF,0
FLYALALLL,ASSTQVGYEQY,0
LLFGYPVYV,ASNPGTGQRTEAF,0
GILGFVFTL,SANHPGRTQNIQY,0
NLVPMVATV,SVEIGGYYEQY,0
NLVPMVATV,ASSQGKSSYEQY,0
LLFGYPVYV,ASSQDGVYGGNTIY,0
GILGFVFTL,ASSWEGLYEQY,0
GILGFVFTL,ASSPGGRNSPLH,0
FLYALALLL,ASSEDAGLSYNEQF,0
NLVPMVATV,ASSPEGAGGYEQY,0
FLYALALLL,ASSGRSAGELF,0
IMDQVPFSV,RYKGQGVSGANVLT,0
GILGFVFTL,ASSLFGDTDTQY,0
KTWGQYWQV,ASSIRSSYEQF,0
CLGGLLTMV,ASSTRSGDTQY,0
RTLNAWVKV,ASSMRSGETQY,0
MLDLQPETT,ASSVTSGGRETQY,0
GILGFVFTL,ASSQGSDRTSYEQY,0
GILGFVFTL,ASSLQGNTEAF,0
GILGFVFTL,ASSLGGPYNEQF,0
RTLNAWVKV,ASSSDRGLLYGYT,0
GILGFVFTL,ASLLLLNNEQF,0
GILGFVFTL,SASQGSGNQPQH,0
YLLEMLWRL,ASSIRSGNTEAF,0
RTLNAWVKV,ASSIHGAETQY,0
GILGFVFTL,ASSVGGGARETQY,0
KVAELVHFL,ASSLWGDYEQY,0
FLYALALLL,ASSFFTRGGEDEQY,0
YLLEMLWRL,ASSRRSSDEQY,0
GILGFVFTL,ASSSFIPNTGELF,0
GLCTLVAML,ASSYRGHLNNQPQH,0
NLVPMVATV,ASSLEVGESLH,0
GILGFVFTL,ASSLREQETQY,0
GLCTLVAML,ASTEGRGADYEQY,0
IMDQVPFSV,ASSVDGGGLDEQF,0
GILGFVFTL,SARDWTARNEQF,0
GILGFVFTL,ASSNKVADTQY,0
GILGFVFTL,ASSLGQASSGNTIY,0
MLDLQPETT,ASSGQGGTEAF,0
GLCTLVAML,ASSYGRAELTEAF,0
GLCTLVAML,ASSYEGYYGYT,0
YLLEMLWRL,ASSFIGGVDGYT,0
GLCTLVAML,ASSLVSGYNEQF,0
GILGFVFTL,ASILGLNTEAF,0
CLGGLLTMV,SAPPGDHTEAF,0
GILGFVFTL,ASSRRERGSYNEQF,0
KTWGQYWQV,ASSISSGSYNEQF,0
GLCTLVAML,ASSFSGANYGYT,0
GILGFVFTL,ASRTGLYSNQPQH,0
MLDLQPETT,ASSIRSSNEQY,0
SLLMWITQV,ASSLSRRGPNYGYT,0
NLVPMVATV,ASSLQGSTEAF,0
GILGFVFTL,ASSASGTSGDNEQF,0
GILGFVFTL,ASTLVGGRNTEAF,0
RTLNAWVKV,ASSTTGTSGLEQF,0
GILGFVFTL,SVEGGSRYNEQF,0
GILGFVFTL,ASSSIDRGRNTEAF,0
IMDQVPFSV,ASSDAENTEAF,0
NLVPMVATV,ASREGQAYGYT,0
GILGFVFTL,ASSPPASRGKLF,0
GILGFVFTL,ASSSIGTSYEQY,0
GILGFVFTL,ASSQYRGLTQY,0
CLGGLLTMV,ASSVGLPYEQYEQ,0
IMDQVPFSV,ASSQDHPGGRGYT,0
YLLEMLWRL,ASSPTSGSVYEQY,0
GILGFVFTL,ASSLGGGNYGYT,0
GLCTLVAML,ASSPASGNEQY,0
GILGFVFTL,ASSPPRTVETGELF,0
RTLNAWVKV,ASSGRAGGELF,0
IMDQVPFSV,ASQIQGYTEAF,0
GILGFVFTL,ASTPGGQGYTEAF,0
KTWGQYWQV,ASSSRSGNEQF,0
GILGFVFTL,ASSYSSDQPQH,0
CLGGLLTMV,ASSYRSSYEQY,0
GILGFVFTL,ASRSRDRGQEYGYT,0
GILGFVFTL,ASSVHSPLNNEQF,0
KTWGQYWQV,SVGSQGTNEKLF,0
YLLEMLWRL,ASSIRSGTEAF,0
KVAELVHFL,ASSFQGYTEAF,0
GILGFVFTL,ASSEGQLQETQY,0
FLYALALLL,ASSPLIGTPPGEQF,0
NLVPMVATV,ASSSAGFSETQY,0
GILGFVFTL,ASSYGGSSGPQH,0
GILGFVFTL,ASSLPSTSGTYEQY,0
RTLNAWVKV,ASSIRSDEKLF,0
GLCTLVAML,ASSLSGTWGEGYT,0
MLDLQPETT,SARDVPGNTIY,0
GILGFVFTL,ASSPFRGKTYEQY,0
GILGFVFTL,ASSGTGDYGYT,0
RTLNAWVKV,ASSLLGGTIDTQY,0
SLFNTVATL,ASSVRSAYEQY,0
GILGFVFTL,SALYRGDYGYT,0
LLFGYPVYV,ASSTDRWDQPQH,0
GLCTLVAML,ASSVRSSMNTEAF,0
NLVPMVATV,ASSIVSGGAAYEQY,0
YLLEMLWRL,ASSLRLQETQY,0
GILGFVFTL,ASSLLVLHSLDTQY,0
SLFNTVATL,RYKGQGVSGANVLT,0
GILGFVFTL,ASRGGWEADTQY,0
NLVPMVATV,ASSLPPLATEAF,0
GILGFVFTL,ASSLRDSNTEAF,0
NLVPMVATV,ASSDREAGKNIQY,0
GILGFVFTL,ASRKQGSDTGELF,0
CLGGLLTMV,ASSLWGGTEAF,0
IMDQVPFSV,ASSLRASYEQY,0
GILGFVFTL,ASSYWEQGWTEAF,0
NLVPMVATV,ASSLRIFGAPGELF,0
GILGFVFTL,ASSHQPLMNTEAF,0
GILGFVFTL,ASNPTGGIHEQY,0
GLCTLVAML,ASTAIGTGYNSPLH,0
GILGFVFTL,ATREDRPNTEAF,0
GILGFVFTL,ASTPLGTGRYEQY,0
GILGFVFTL,ASSPRIHWETQY,0
RTLNAWVKV,ASSMRSGSEQF,0
GILGFVFTL,AISEWGVQETQY,0
RMFPNAPYL,ASSESTLSLTEAF,0
GILGFVFTL,ASRPDSDYGYT,0
GILGFVFTL,ASSQLAGGQETQY,0
GILGFVFTL,SARARQGLFLNEQF,0
NLVPMVATV,AISEVAPERGNTIY,0
GILGFVFTL,SARVWREEDYEQY,0
NLVPMVATV,ASSIAGGHTDTQY,0
GILGFVFTL,ASSLPGTGGSPLH,0
GILGFVFTL,SARQASQSEREKLF,0
CLGGLLTMV,ASSVRSAYEQY,0
GILGFVFTL,ASSQSGGAQETQY,0
GILGFVFTL,ASSLEGGDYNEQF,0
GILGFVFTL,ASSTYSGANVLT,0
MLDLQPETT,ASSPTGAGGHEQF,0
GILGFVFTL,SAREREYTEAF,0
GLCTLVAML,ASSQTVTREPQH,0
GILGFVFTL,AWSTVAYTGELF,0
GILGFVFTL,ASSIPSGYNEQF,0
GILGFVFTL,ASSLLGLADYNEQF,0
GILGFVFTL,ASSQYPPPYEQY,0
RMFPNAPYL,ASSPTGSDTGELF,0
IMDQVPFSV,ASSLAPGATNEKLF,0
GLCTLVAML,ASEGQGGNEQF,0
LLFGYPVYV,ASSISGANQPQH,0
GILGFVFTL,ASSSSPRGGGTEAF,0
GILGFVFTL,ASSSEDFTDTQY,0
SLFNTVATL,ASSTQVGYEQY,0
GILGFVFTL,AWSFGSGGEQY,0
MLDLQPETT,ASSHRSTDTQY,0
GILGFVFTL,ASSLGGGPLDEQF,0
GILGFVFTL,ASSQDRGGLGEKLF,0
SLLMWITQV,SARDGNREWLH,0
CLGGLLTMV,SARWGVGNTIY,0
GILGFVFTL,ASSLELGLAEAF,0
RMFPNAPYL,ASSLDVSGSETQY,0
GILGFVFTL,ASSLARDIPRD,0
KTWGQYWQV,ASSIRSQDTQY,0
GILGFVFTL,ASSLNGGHGYT,0
IMDQVPFSV,ASSYLAGEITDTQY,0
GILGFVFTL,SAFDRVVPEAF,0
KVLEYVIKV,ASSIRASGVEQF,0
GILGFVFTL,ASSPRDSSTDTQY,0
GILGFVFTL,ASSGPLSSYNSPLH,0
FLYALALLL,ASSLLGRAGTDTQY,0
KTWGQYWQV,ASSPPPGAVETQY,0
